brand,category_id,comment,currency,description,image,year_release
Toshiba,71,,NOK,Male,"data:image/png;base64,iVBORw0KGgoAAAANSUhEUgAAABAAAAAQCAYAAAAf8/9hAAAABGdBTUEAAK/INwWK6QAAABl0RVh0U29mdHdhcmUAQWRvYmUgSW1hZ2VSZWFkeXHJZTwAAALISURBVDjLpZNpMNRhHMc31ExNmjRTDdVMsxXLkntnTcmxJTKFMK6JnK1KcheKDDZXubbSoRdlNFFNGFTIbeiNsyjHnzI0ZrFk/621+21bx6wx9caLz/Pi+T3fz/Ob56AAoKwH2WAU2QyP+wNO6xKY3WgOsMseKJQvTrm6p0ohplzcuqR4/lsQ0QQmhzA0SxkUW6QPbv47xz9t3zBjd3ZeStu0g+OAFJGUESnUtYLwRqjHjyhqxxFCvVtE+dwxC84vc5ZklmV1dHnhrJUNlW9ty588ZS+wzSHiVwkMwxpAPRm/b0/kcOqF82/m5wyYpIBhwpXfyTCOyAjKLJT0Frji29sktD+xQgeX7ikrGoTVY3nhhJaJZFj/hFA+vD+YeMFOe7QwVhOF6c4yYHYUU53FaEm3Hl8UhNbKBKJdagVC1b0i0zPvyS3eRLayz7Didp+hSteb+fMT3XELwu8lGKtNg6DrNRaIRnQ9DSBlAr2QGsTo2euKlVUkC9t2JFNciUSKCwEFF0LMCi2S8LpjJWJBIwQDl8FrC8KXZ77oyXZDW7aD+qIguBrYsNEOCpv65VsPiE3Kn+y6DjHZgrl+L5AjHpj5HI2hPPPxKeNDH1cOUffKBwgpSk4iitLu5fDd9IOcsU9RS2FPkMPu4HfHoI9rSfalM4yk3aqtCA4HvcPjnTTz5XBkskZlZ0UIxIJ6kEO++D1yDtPSTnq5LJFjlh5/zTvQuVQBk3BtVWYEPc/7qjqvpzwaHRWZ+NHqjLkhD/Dar+FrrsXPqjSGJjNBe5CRSM9ZLbhYDgO2pp0+W8PqZQoLmCHQ+9AJNdFqaHpgg7oEo9E7/keOy24sWEON5q7NNg6jbV0R0APLQGeXQotdggR/HQhbciFszUJrkgWe+x0AK/AeaH6vligGzbdIxopAHmdTFZLjRRNV37YRVWVY1pVG6VD/9xv/AJGzmhVs7+fUAAAAAElFTkSuQmCC",1993
HP,99,Suspendisse accumsan tortor quis turpis.,PEN,Male,"data:image/png;base64,iVBORw0KGgoAAAANSUhEUgAAABAAAAAQCAYAAAAf8/9hAAAABGdBTUEAAK/INwWK6QAAABl0RVh0U29mdHdhcmUAQWRvYmUgSW1hZ2VSZWFkeXHJZTwAAAKGSURBVDjLhZNdSFNxFMBHCdGDr0sIg3qwiF6jwMeefY0giB56CoMIeuhN8KHXCJuoEYUZpJW0QMyPmWl+ldM5FTedujn34e7c7ma6z/vr/O9maRINfrtj55zfPed/7rUAloPceNxbKzQJTiEmJASP0Kxif+cfLKwUbELu87Sf+YDOmpZlM50nGN+h3xlAxco5lYcE5eLejiEPhaJBUIcPUynez6WYiGfZk6SioGIqR+XuS/YFNhVI5jA/acluH07ycmwbV7KIIf/JBb1YipclNlMgP64KRX88R/u4hlcrJfVM79E8qLGyg9lBRL7Scs0qDEMJiqrWvHufzNczp9M2HKNlKIY7CMsRGPemZZwM8QxERaBLK4kCpIS+0pnYlGDW5U/yanRLBFGav0SxO3U6R1ZUQljxbtRHWoo2pRvvNrg2C7j8uorPKoG2EPwpd47SIsWtIpn0pVUwJJwuE/JEMtjlULt+JE3cwV2Vo/0WNDui2AYiNA2EmVo9KnBv7NI1rfN6MiHEmTsgmJ1dT2BzhM3it2L3agaq7f0ROkd8LDXcYdDuYNTxjUDLfWbW/oxgHuLY6h6uKAR2wZcSkuDZyjAfyjC+lsf/0Ers3gmMF1XkOi4eOkRzjTlZTVR2tJSA6TB89UP/SoFPC1m+Nz5Ae1YBz8/D+gUYrsb+6LZhrvHggxSTdbliMCLFfcsG9sU88111RJ9ayHSeEoEUh4SAiAarYcLafeRRDqYMZqSD/uUCdneWufrrxCQt011VEniEiOA+Bzetb/75MjnXdRbDWVYb6tm6ayExcQyjrUZmKwtaz0Cd9Ynlf6/zrcaP2sbZCiN0yUK45niBWmuea1a4Ys1y2XryF6CZCaxnm2/nAAAAAElFTkSuQmCC",1988
Acer,69,"Donec dapibus. Duis at velit eu est congue elementum. In hac habitasse platea dictumst. Morbi vestibulum, velit id pretium iaculis, diam erat fermentum justo, nec condimentum neque sapien placerat ante. Nulla justo. Aliquam quis turpis eget elit sodales scelerisque. Mauris sit amet eros. Suspendisse accumsan tortor quis turpis. Sed ante. Vivamus tortor.",IDR,Female,"data:image/png;base64,iVBORw0KGgoAAAANSUhEUgAAABAAAAAQCAQAAAC1+jfqAAAABGdBTUEAAK/INwWK6QAAABl0RVh0U29mdHdhcmUAQWRvYmUgSW1hZ2VSZWFkeXHJZTwAAAFFSURBVCjPhZG/K8RxHMZfdy5OnEEMhhuMJCMldVl0JcOV7Bb2K/+CRakbTOdOsSjWK2WRZMDiR1eK7sJEuYsv98P3/XkM93Uj72d51+vp6aknJP6+yO+z3U/azTGsDt2rQGb5NQBCiHxqz3tUU5LUUFm73uZCi7Rw4lQ1OdVVVUUfaupLa5pJChESud5YcT4e4RPD4TDEDfs8lNz4iRcG0pPxKB7WVp4VYgwMaxXC4JJD1PHb2ibLN7f0oSSEQROdfGL4GEaOLN84rojiJiACAgwfhyPPFsIwhCFaCed1ujB8cmTbSSN4cA5hsMNnuvHJs4UFPYxRqthhK2Hj7KlBkWyADJ9FKryUtA4hAZnE23GZHq65I0KcMTxe8WYvjgIDTKe0M9gboxOjwTsvnpYuD6BtgKl+pZmzUdUoUVDmMhgr9N/cP2kRvjgCZVaBAAAAAElFTkSuQmCC",2010
HP,62,,CNY,Female,"data:image/png;base64,iVBORw0KGgoAAAANSUhEUgAAABAAAAAQCAYAAAAf8/9hAAAABGdBTUEAAK/INwWK6QAAABl0RVh0U29mdHdhcmUAQWRvYmUgSW1hZ2VSZWFkeXHJZTwAAAHSSURBVDjLpZPbSxtREMbzL4pSpYj1VilUmmpQSCKCSLAgihFTo9Eg0TRZY5LdxJgbKYo+2AstLRbU1nfxrlmTdLPJ55nZ+OCjyYGPYQ8zv/PN7DkmAKZGZGoakN5OKSeqPfAPtk9Ca8ew+g4xvPIHQ94DWJZ/Y3DxJ94v/ID54zf0z32BbXFPpToGODZOKrPpUzxX5pmdCgPo5HrUN7kNBtjW/qKe1TORMwDW1SPeeJ0ucMzlcshms0gmkyhqVSQSCVzmdSiKAlmWEQ6HOa/TkakBxMBolUQyFRRIpQruijp/3xR0XN/ruMiXcXar4fRG4/yOsaQBoGmzpa08x0wmg1QqhVgsxoBoNMoQSZIQCATg9/s5r300YQDoV9HS9Cr+l6vspFRzQgBVOCE3j06uVJ3zX47EDIBl6RdvdG9ec6Se4/E4QqEQA4LBIO5FSz6fD16vFx6Ph/PabLIBMM9/541ypYpyzQWpqD2VKiB54YJEq2VowwC8m/tqTFU+50i9RyIR7pUK6WSKbrcbLpcLTqeT85ot6wagf3a/rnvQNCjh8S1Ib6Z3+Wb1fviMLkcWr8bTYsqbPKg2u4JWawQvhsPCdkicLEHUkCQGNPwaGwU8AG9RQVkc+5PeAAAAAElFTkSuQmCC",2008
Dell,48,"Vivamus in felis eu sapien cursus vestibulum. Proin eu mi. Nulla ac enim. In tempor, turpis nec euismod scelerisque, quam turpis adipiscing lorem, vitae mattis nibh ligula nec sem. Duis aliquam convallis nunc. Proin at turpis a pede posuere nonummy. Integer non velit.",CNY,Male,"data:image/png;base64,iVBORw0KGgoAAAANSUhEUgAAABAAAAAQCAYAAAAf8/9hAAAABGdBTUEAAK/INwWK6QAAABl0RVh0U29mdHdhcmUAQWRvYmUgSW1hZ2VSZWFkeXHJZTwAAAJeSURBVDjLhZNdSFNhGMc3z9lUREVnGmgzEZa7kGBe6kWYg26syz7uoqKgEOpiUjfdjALJiwmDYKSMburm7EInG8yNttm+UitwQm26sVgrcSPWvtf5977HbSyc9sB/73ne53l+7//snCMCIKIiIVYqlVM6nc6vUCgukZylexWxKpVqwmAweGgP3avN0Z8QWTxEAbMZ8XgcvuVlIQ9VRK83LRahtrG6WqtVDhaJafK5uRlBtxuxWAzbZP3IMDhoahK0JRYjuL4u1GjPVgVQcXcI+NLWBs5oRCQSAbe0hM2eHkS7uxHt6MCH1lZwi4uHNbLuNALsd3ZibWQELwcGYBscRFgux15/P3Z7e7FDQOb2diy0tGBFKkWcODoCSMtk+DE+jsTYGL6PjiJGYNHhYewRUJiAQn19+Epchbq6cMCy/wJ8Ph/K5fKxKpVKyOVygmjQPTpzLCCTySAQCCCZTMLv98Pj8cBCngINnuf/D6DDJpNJOLlQKCCRSMDpdAp5sVhEPp+H1+s9CqANVQjHcbVmm82G7dfP8f6mEraLEjiuyfFu7n5jQFVVAD3d8eIhPmkmkDPPgw9akHnzCIEH52GdZGdOBFD7drsd9utnkSXDWJgGZruAZ0PYn7sA6xSzK7zKFECG/tQDqKj9dDot2OY3ONRH6ulp2CZZXgDQe0ylUr8opP7PpA6y2SwcV8/g96tbABnKa0RIEkXvMbCqmW8CQK/Xw+FwwOVyNdb8DHx3ziE+O4SfjyUI3xZj7bIUFjXzRABotVo3+Yxxkt5qbmDlyiliWwLztAzGu+oUnf0LtxKkWPCjmmgAAAAASUVORK5CYII=",2013
Dell,93,"Aliquam quis turpis eget elit sodales scelerisque. Mauris sit amet eros. Suspendisse accumsan tortor quis turpis. Sed ante. Vivamus tortor. Duis mattis egestas metus. Aenean fermentum. Donec ut mauris eget massa tempor convallis. Nulla neque libero, convallis eget, eleifend luctus, ultricies eu, nibh.",IDR,Male,"data:image/png;base64,iVBORw0KGgoAAAANSUhEUgAAABAAAAAQCAYAAAAf8/9hAAAABGdBTUEAAK/INwWK6QAAABl0RVh0U29mdHdhcmUAQWRvYmUgSW1hZ2VSZWFkeXHJZTwAAAJ7SURBVDjLpVNLSFRRGP7u3Dt3JnMsdcAeNjrgAyoqWiQUZBYi6aYiFbEWbdsZJNEqaBO0bxdkENRKMXobmQVa4SPBfMyoPdQp9To6zfvec07/vTo4TbPrwMd/zn/v9/2vcyQhBP5nKekHbbjmvuDioikqOAc4Wba+t5DaM/69uG6o5B8BIrdu87aaFmDmj2wTBkN0+RPia75wivyXwPLgiZuqq9wGCqxrnRC6Aa7rEEkddvc5xFfHTTIjsis9qG0zOm93bj8IFp2wogl9HXb3GSTDc4it+sAZr8zsgSWw9PH4eXuOR4WkgkXGLAHODMi5hymLCEWfAkuEGjz1I9NZBSj6PUqfiBGCsVGzAZvDg1hw0szgqqdh5Gm2KUi/+o9Vyap7wFV8GsnlbnCqWVDtPB6HWnQWmu+BoK4nUxPgVnMtrJVf8Bcp9KFbdVWQQ4eSV0fWsEoADUIYHPklTZIwdMf6NDjCS0OUlS/KdXbUmgKpOsILbxNpM7ZsvrfZEZ99RG3ZDXvBESy8eQ1tcBKJxRCYLDTiNlZewi0p20389vhAb96uU9WKWkhZ6JjreQZjUUZFTSMc3n2Ijb7El3evWHBivM2WrTGURbXicCOyNArN34VA3+e1ciI7p3shdbQgZ6YTpSWFspBEm5JJ/tq1f9jpKkM4MICoNrVCYnsR5QHnDi9Qf2XzDdzYCZlLpUoGORfCdigW9IPpydtlLVPtpn+mQ5mPjjwp3tp9GYnYT0TJ9zskUy+wYMtI/QMRFwmuFNlcOQVFd8f6+4xAfAtCsh3BFQn+eYnajjuwXt4G/A8rq9LP6XjfvOfai1p5tuekwsn+eF4rXzf9fwCYD6X48OnVRgAAAABJRU5ErkJggg==",2000
HP,87,Mauris lacinia sapien quis libero. Nullam sit amet turpis elementum ligula vehicula consequat. Morbi a ipsum. Integer a nibh. In quis justo. Maecenas rhoncus aliquam lacus. Morbi quis tortor id nulla ultrices aliquet.,CNY,,"data:image/png;base64,iVBORw0KGgoAAAANSUhEUgAAABAAAAAQCAYAAAAf8/9hAAAABGdBTUEAAK/INwWK6QAAABl0RVh0U29mdHdhcmUAQWRvYmUgSW1hZ2VSZWFkeXHJZTwAAAHySURBVDjLpZNLaFNREIa/k3vTR4qKFdpaxZhFfeBCUEF8oaAiulIkoCtdFATBRcWFG6EgCG5VfFBduBVBFIIQHwga3GlREJVqS4OhrRKjwdxc7z0zLq5JGwwSceCszplv/n/OjFFV/idcgKOXXg4BSWArsB5UUQyixGKGmAERQSyluKtjK5fO34Aopw6uMqgqRy6+GNF/jPO33qiqRgqAbQA3csW6tL8ZG9zSzdvJkl+3gGhf7XKgpx0AY5onv5v2AfCqQVsdoKqJWtX3M35LzVNrzSxA1K1JazXECnMBBiA9/IiqCKKQObub8cK3psmp/gWoWABiESCiffECNq7upeiF9cfzEm0Np24htA0KAChXLYEqFT9sqBhYpZQd4Wv2Gl5+jHzvEtbGdwB7I4D5rcD3A7zAYqtBA6CUvU4wept16UHaU2vwXmXpfPqQB7viJyILc3692WTPZC4wsP0AHR+eYG4eJvHxDqlkN2p0yAWQUBQwAPdzEw3J5cpPwqlJOvpSsO/k7A4ML8YRs9wFsCITQOr11f1/dBsg39NPZTRD173j+N4UFaD83cE6FKJJtHI3febxClXdhMhCkRBUULGohGzu2knb82ckF3XiOnHKn0PGp2OqyGXT6jrnDi07/aNYOOZYk7SOflK4sicbnvsFhzwbXdu8qEIAAAAASUVORK5CYII=",1991
Acer,32,,ARS,Male,"data:image/png;base64,iVBORw0KGgoAAAANSUhEUgAAABAAAAAQCAYAAAAf8/9hAAAABGdBTUEAAK/INwWK6QAAABl0RVh0U29mdHdhcmUAQWRvYmUgSW1hZ2VSZWFkeXHJZTwAAAIsSURBVDjLpZPNbhJRFMf/w9fwNUiVlZWPncSmqemm7FjZaGJcsdCkS17AJ8AH6BvU6BKfgFIXLqArTQngSoPUDSGEhAUCLQN3xnPOMLSJGBdOcnK45J7f+Z//vVezbRv/8/luLxqNxvvlcnm0WCx8lEFZwjRNzh8KhcKrjYBWq3WHCt7G4/GCrocxpyJYFkQbKdzaiuPs7PQlrf4ENJvNp1ycSCS2I5EILn/2wN0ty4ZlWwSyoQg2n883j0CbT1OplCyurq6xoOKvrQsCWOt4cvhMxtgI4BkDgQDG47HTWSk82nks3e1Vdzb6rwqYrKiIN/GBsPRW8wtlJd35ixl5JJNJVKvVIf0XpP0/KH+kfCIKHK9sATFgZ3dfuosH9gJGNIx8Po9oNJrweDyYTqd7g8Fgr91uv/C4szkKWDJBlDP70LjEtZoik8lA1/W1bB6ZFVHDhwJYF6sb4xj07tsJzKUp3vR6PQyHQ/T7fVBnuR+s2MPmuLeRJcvxWU5+fe8NQlpYOrJ0PubRaIRgMIhYLCYAMZE3eL1eZ27FrhOAVdEathK4O6rrGX+sjBV8rtfrmEwmMAwDwZBON1ATkFoZ627m36trfQMoFosHnU7neaVSuTg/r0EPaMikHyCV2kY6eZ/tFfmscjabwe/3IxQKCYDH126/xlKpdEj0Y4pd9zFls1nkcjmk0+m1F6yi2+2iVqt91/71nMvlcoCkFymOKO4S2EedfxHkE8Xxb6/5rMKMZgtBAAAAAElFTkSuQmCC",2007
Samsung,97,Nulla suscipit ligula in lacus. Curabitur at ipsum ac tellus semper interdum.,AFN,Female,"data:image/png;base64,iVBORw0KGgoAAAANSUhEUgAAABAAAAAQCAQAAAC1+jfqAAAABGdBTUEAAK/INwWK6QAAABl0RVh0U29mdHdhcmUAQWRvYmUgSW1hZ2VSZWFkeXHJZTwAAACoSURBVCjPY/jPAIMMCgxmYKiAEAOKwhmMDGZ//v/5/+M/qhI0BW/+gxQBlTDiUPDl/3v8Cn7//4VfwR/cVkB8kfI27S0WR+7rm/ui70X7i9YX88O7whtflANh7ouUPqgCBsbZLyBGAq1hRLBiX4BZiODBxgIpgAWPOYM/BgukGCl4En9jsswYkIIHKIzBgiiABg9QGINlxoAUPEBhDJYZwhdmDDZYWAoAtTEEdnXdy7IAAAAASUVORK5CYII=",2001
Lenovo,5,"Donec posuere metus vitae ipsum. Aliquam non mauris. Morbi non lectus. Aliquam sit amet diam in magna bibendum imperdiet. Nullam orci pede, venenatis non, sodales sed, tincidunt eu, felis. Fusce posuere felis sed lacus. Morbi sem mauris, laoreet ut, rhoncus aliquet, pulvinar sed, nisl. Nunc rhoncus dui vel sem.",ILS,Female,"data:image/png;base64,iVBORw0KGgoAAAANSUhEUgAAABAAAAAQCAQAAAC1+jfqAAAABGdBTUEAAK/INwWK6QAAABl0RVh0U29mdHdhcmUAQWRvYmUgSW1hZ2VSZWFkeXHJZTwAAACWSURBVCjPY/jPgB8y0ElB+YHyA8UTcg+kLYjfEP4Bm4ILxQa5Dqn/4xv+M/hdcHXAUFAc8J8hzSH+fzhQgauCjQJWN8Q7RPz3AyqwmWC0QfO/wgKJBWgKwh0C/rsCFRgBTVP4/59BMABNgZ+Dx3+bBghb4j8WK1wdHP4bQRUIYlNgs8DogOYGBaAPBB24DrA40Duo8UEA+kT4W+XS/8wAAAAASUVORK5CYII=",1985
HP,32,Duis aliquam convallis nunc. Proin at turpis a pede posuere nonummy.,RUB,Female,,2005
HP,9,"Sed ante. Vivamus tortor. Duis mattis egestas metus. Aenean fermentum. Donec ut mauris eget massa tempor convallis. Nulla neque libero, convallis eget, eleifend luctus, ultricies eu, nibh. Quisque id justo sit amet sapien dignissim vestibulum. Vestibulum ante ipsum primis in faucibus orci luctus et ultrices posuere cubilia Curae; Nulla dapibus dolor vel est. Donec odio justo, sollicitudin ut, suscipit a, feugiat et, eros.",IDR,Female,"data:image/png;base64,iVBORw0KGgoAAAANSUhEUgAAABAAAAAQCAYAAAAf8/9hAAAABGdBTUEAAK/INwWK6QAAABl0RVh0U29mdHdhcmUAQWRvYmUgSW1hZ2VSZWFkeXHJZTwAAAJnSURBVDjLpZPNS9RhEMc/z29t1d1tfSmhCAwjioqoKNYuYkRRFB300MWT3eooeMn6C4TunYoiOgSKkGAUhh0SjJCwsBdtfQMN17Ta2v39nueZ6WBtktGh5jLDMPPhC/Mdo6r8T5T93nCPTUqVDhVOi5BRBRVGRBhQ4drGc5pfO2/WKnCPTbMKN0x9Z4OpzqDxWlCPFnL45VHCd91ZEdprWnRoHcANmhatbu4JtrShiSr8t9dIuIS6IpgKgoqdGBsQztwj/DDUWndee0sAO2hqVZmO7b+bkuAzvpgF+wVxIeqLqxBRTHk9sfL9fBq+kBdh+9Y2/RgAqNARbO9KaRwkzIL7ymBfDiQCH/HkIYjN4z6P4cNJEnu6UuLpAAgARDhrahqRYhZ1BVQsx85UomJRb2lqzqMSojaPW3lOWfUuxHN2LWAv5WnErZSWVCzqItRHP2qL+ggJc0CI9zSUACoU1BXBOx71PmXq7dzqorc/csj05BKDD+ZQsaCKCLFfCjxZbAGIc7R5N+9ezTI7uYD6EBXLTHaZiTfLZBrTmCCB+DJsyETJSCL029zowaC6nkRynqNNDYw9m2L8xSx4S7LSkMlUkUzEKEsfoJCbxkb0l8643GPqRHifarydEvsGnx9HohXUhYj7eUaIJXdi0qeYvn8x7yw7Dl3WxQCgplUXRWj/NnELdBuxdCMmVouKgihBfDMb6k6gieMsvezDRrQfuqyL66w8f8ecFM/15N7OhvimfQQbAhCHCz1f59+yMNyddZZLh6/owB9/AWD2pkmJp1OE096TcRE4y4izDDhL95Grf3mmf4nvrQOLvcb/mlMAAAAASUVORK5CYII=",2009
Toshiba,24,"Donec ut mauris eget massa tempor convallis. Nulla neque libero, convallis eget, eleifend luctus, ultricies eu, nibh. Quisque id justo sit amet sapien dignissim vestibulum. Vestibulum ante ipsum primis in faucibus orci luctus et ultrices posuere cubilia Curae; Nulla dapibus dolor vel est. Donec odio justo, sollicitudin ut, suscipit a, feugiat et, eros. Vestibulum ac est lacinia nisi venenatis tristique. Fusce congue, diam id ornare imperdiet, sapien urna pretium nisl, ut volutpat sapien arcu sed augue. Aliquam erat volutpat.",XOF,Female,,2012
HP,34,"Donec odio justo, sollicitudin ut, suscipit a, feugiat et, eros. Vestibulum ac est lacinia nisi venenatis tristique. Fusce congue, diam id ornare imperdiet, sapien urna pretium nisl, ut volutpat sapien arcu sed augue. Aliquam erat volutpat. In congue. Etiam justo. Etiam pretium iaculis justo. In hac habitasse platea dictumst.",SAR,Male,"data:image/png;base64,iVBORw0KGgoAAAANSUhEUgAAABAAAAAQCAYAAAAf8/9hAAAABGdBTUEAAK/INwWK6QAAABl0RVh0U29mdHdhcmUAQWRvYmUgSW1hZ2VSZWFkeXHJZTwAAAJ1SURBVBgZBcFNiJVVGADg5z3fmTujY5NZBANBIVkZ2J9IKkZFGKRuglq1KaqVtoqoVbSKFi1LoY2QEVSbcqiFWWJqPxL044wUGESQVqJOKerce7/z9jyRmba++tXTy2YmnyphPaYQIJBBNuPWfls8l1/EfxdeOrJnxxAgMtO2148d2ffC+rWlxMqkkwBkQjp7aeT97xf99cfS5ZPzv6w6umfHElQoXdw+qN3KhX90JYIgG30243G6Muo9tOYa999WfdfOLs92x4UHd3163eG3ti8ViIgVmdkNumKiUIOu0AURFIFmdmZgx4ZZt9w6uazOTO+FAklAQQlKhBKhRCgRShfOnL/i5hUjd64Kz2+6XjfRPQkVIJPaEUJGaH1SQu0YZHHqXBq2sdaGHlg9KWoZQ4VMEjWKlBJRQiAb2RUGlBZa66RCFFAh0RBBCIlENiY6QBTRhyypIROo0MZk0hDITFAKWqhdkkGSQt/oG1ChtZSZJCkBSCCEE79+Yv7UnIuXLxiNR8rwnsomFfpGn2SjAUjQkuPzHzp98XMPb9ngplVrHFr42OX5ubpx1943K7Rxaple+2EopBZkBo2MNL3wnie2P6ovvbtntzp48iMb1232+6n9OyuMx72+Z3Zmwn03Fi3pkz5oyWffnjERKzy29lnw4iPvmDuxG/unKoyXWhu3lsNefPNnr0VKAVpy/tK/Fk5/7afTR72yda83DjxjqpuEqxVGV/u/pwfdDS+vG05nZpE0wLXLqn2Lzzn287s237XF3IndBlEd/fEwvB2ZacPOgzvHo3w8Iu5NuRxAkkhpovug1u5Q5SoGfWurDxzf/eW2/wEnITFm/fHryQAAAABJRU5ErkJggg==",1994
Lenovo,90,"Duis ac nibh. Fusce lacus purus, aliquet at, feugiat non, pretium quis, lectus. Suspendisse potenti. In eleifend quam a odio.",IDR,Male,"data:image/png;base64,iVBORw0KGgoAAAANSUhEUgAAABAAAAAQCAYAAAAf8/9hAAAABGdBTUEAAK/INwWK6QAAABl0RVh0U29mdHdhcmUAQWRvYmUgSW1hZ2VSZWFkeXHJZTwAAAJASURBVDjLhZLNa9NwGMe/WRKXpp19L6WrdVsZHgq9aBF2cFDRDi8WxJPssqMXDx4H+xuGFDz1YC+eBvUgnWDc0FqoL+CmHlylthurdWqG7bY0zUvtL5CSxYOBh+f5/fJ8P89LQg0GA9ifu68XMzOB8INJ/kL8WKGwf/y5WW817z/KrBXtuZQdMBRfuz5z+emcb4E97LvwtXsG3aMOfiiP1Y0Pwu3ineenIGN24nm//+GsN8U2dQ3bf4BnByJe0luIhsKM1+Fatecz9ovZs9NT7+QaPFoKG3sStOgOPrFPQP92YtoTif4XoOkyTmTgTUvHN5EBdxKFo7sEyr2Jnlr7Z1+jEarVqlCpVAa7P0U6pEg4kmqgxjgcfPdAP9xDnAPqu7/oQqEwyOfzwinAUDzvcDjSyWQSVzxZ7Oy/RSZE45JXw9w5BTeTW/jSfo+l1D1ks1kEAoF0LpdLj0ZQVXXF5/Oh3W4jPD6Ji+O3UNxeg6q9AsP28bHVwo2pRfBdHo1GA/F4HPV6fXkofUGVy+V5nuc3Y7EYOp0O+v3+yIZgkM9MURRomgbLspiYmIDT6YQgCAR2lVEUZSUYDGLojSSO4wwz/w/irbGu6+j1ekgkEqjVassMqSJJEkRRhCzLoyRN0wxvns07cmYYBm632+iQANKkMmnZTLAL7GfiXS4X6TpNRjBIxMyq1sp2iPnO1DGm0BTbIfZRzJ2Q2AAQkt/vH1WyJpjLI7F1ocQikcgIsF4qlRbMlqwjWWPrmJau1/8CtF7RM3ksOU0AAAAASUVORK5CYII=",2010
HP,20,"Praesent blandit. Nam nulla. Integer pede justo, lacinia eget, tincidunt eget, tempus vel, pede. Morbi porttitor lorem id ligula. Suspendisse ornare consequat lectus.",EUR,Female,"data:image/png;base64,iVBORw0KGgoAAAANSUhEUgAAABAAAAAQCAYAAAAf8/9hAAAABGdBTUEAAK/INwWK6QAAABl0RVh0U29mdHdhcmUAQWRvYmUgSW1hZ2VSZWFkeXHJZTwAAAEGSURBVDjLpZM/LwRRFMXPspmEaGc1shHRaiXsJ5GIRixbCr6SikxIlqgJM5UohIiGdofovHf/PZVmYwZvTntPfjnn3txWCAFNNFE33L/ZKXYv+1dRgL3r7bu0PbucJp3e4GLjtsrXGq9wkA8SU7tPk87i/MwCzAyP5QNeytcnJl46XMuoNoGKDoVlTkQhJpAgmJqcBjnqkqPTXxN8qz9cD6vdHtQMxXOBt49y5XjzLB/3tau6kWewKiwoRu8jZFvn+U++GgCBlWFBQY4qr1ANcAQxgQaFjwH4TwYrQ5skYBOYKbzjiASOwCrNd2BBwZ4jAcowGJgkAuAZ2dEJhAUqij//wn/1BesSumImTttSAAAAAElFTkSuQmCC",1993
Samsung,89,"Donec dapibus. Duis at velit eu est congue elementum. In hac habitasse platea dictumst. Morbi vestibulum, velit id pretium iaculis, diam erat fermentum justo, nec condimentum neque sapien placerat ante. Nulla justo.",EUR,Male,"data:image/png;base64,iVBORw0KGgoAAAANSUhEUgAAABAAAAAQCAYAAAAf8/9hAAAABGdBTUEAAK/INwWK6QAAABl0RVh0U29mdHdhcmUAQWRvYmUgSW1hZ2VSZWFkeXHJZTwAAAI/SURBVDjLjZPbS9NhHMYH+zNidtCSQrqwQtY5y2QtT2QGrTZf13TkoYFlzsWa/tzcoR3cSc2xYUlGJfzAaIRltY0N12H5I+jaOxG8De+evhtdOP1hu3hv3sPzPO/z4SsBIPnfuvG8cbBlWiEVO5OUItA0VS8oxi9EdhXo+6yV3V3UGHRvVXHNfNv6zRfNuBZVoiFcB/3LdnQ8U+Gk+bhPVKB3qUOuf6/muaQR/qwDkZ9BRFdCmMr5EPz6BN7lMYylLGgNNaKqt3K0SKDnQ7us690t3rNsxeyvaUz+8OJpzo/QNzd8WTtcaQ7WlBmPvxhx1V2Pg7oDziIBimwwf3qAGWESkVwQ7owNujk1ztvk+cg4NnAUTT4FrrjqUKHdF9jxBfXr1rgjaSk4OlMcLrnOrJ7latxbL1V2lgvlbG9MtMTrMw1r1PImtfyn1n5q47TlBLf90n5NmalMtUdKZoyQMkLKlIGLjMyYhFpmlz3nGEVmFJlRZNaf7pIaEndM24XIjCOzjX9mm2S2JsqdkMYIqbB1j5C6yWzVk7YRFTsGFu7l+4nveExIA9aMCcOJh6DIoMigyOh+o4UryRWQOtIjaJtoziM1FD0mpE4uZcTc72gBaUyYKEI6khgqINXO3saR7kM8IZUVCRDS0Ucf+xFbCReQhr97MZ51wpWxYnhpCD3zOrT4lTisr+AJqVx0Fiiyr4/vhP4VyyMFIUWNqRrV96vWKXKckBoIqWzXYcoPDrUslDJoopuEVEpIB0sR+AuErIiZ6OqMKAAAAABJRU5ErkJggg==",1986
Acer,40,"Curabitur at ipsum ac tellus semper interdum. Mauris ullamcorper purus sit amet nulla. Quisque arcu libero, rutrum ac, lobortis vel, dapibus at, diam.",RUB,Female,"data:image/png;base64,iVBORw0KGgoAAAANSUhEUgAAABAAAAAQCAYAAAAf8/9hAAAABGdBTUEAAK/INwWK6QAAABl0RVh0U29mdHdhcmUAQWRvYmUgSW1hZ2VSZWFkeXHJZTwAAAJ4SURBVDjLpZNdaM1xGMc//5fDZqTZ2c6Y9mIkmZelll2hlCVF3FDKlZRyQWJXmsKNCzeLcqdE5D0mL/M2s6HlJSlhs2Rv51iYOZ3z+/2ex8X/zHZJfvX0/J6b7+/zfH/P46kq/3NCgNNt3w6ost2pzBYRnIAVwTnBiWKdTAiHs4oTeX5467y6EEBUd22qmxb/l5ebzn1Y/IfAicQBCi7uBFVwFsSBMdE9mwGThYwBYxhtvIcxbvIEgTEfFGYVg9go1OZEMmAyYLPwth8AY924B85JTsCDviSoRCQiEYkby0AiAUA2J4Cq0nyzX3+mjZ5pG1RV1XOPB1RV9fyTqL7QEdVXOqOc/J7Wbceeq6pGBMYJokoYwMWOIYLA51LnEGEAV58N0T54iEdXBBUh1tXEgrIpZE1E4I+1oEAYeGyqLyH0YePyEmI+rK8rwfcC5lfPxfcD1i5LRF9rZdwD4wQVCH243pXkWeooT1sUVSV8sR/f94i13KHh1Utam0+iRaUsKVwH1OcErKCqxAJoqC2mowXmVFTS3fuJhtpi8p6WUTTcxbyte5lctZD069tMb2vlzurYLh+iqQMIfI+7r1IA9PT24uFx73WKzP0TzF2xgbyPD/BObWFK92WqKgpRT3eHANbayAMfVi2KEwb7WFkT5+GbFCtq4rR+/UxeaRWs3TO+A00zCcSrHPdAlZryqfQPp6lO5NMz8JOywkm8+/wdnZHg18sbFFzbSSY9wC9g5EeAC+jLDZK2Hzz7fmnWSYGxDmMdzgrGCdZZ6ks3MrXzFhUz8gmDGCNJS8+gr4oc9/52nds3lzeODvftCJxX4QL9onBizW175DdAmHVGgBeCfwAAAABJRU5ErkJggg==",2007
Dell,75,"Proin eu mi. Nulla ac enim. In tempor, turpis nec euismod scelerisque, quam turpis adipiscing lorem, vitae mattis nibh ligula nec sem. Duis aliquam convallis nunc. Proin at turpis a pede posuere nonummy. Integer non velit. Donec diam neque, vestibulum eget, vulputate ut, ultrices vel, augue.",EUR,,,1995
Acer,100,Suspendisse accumsan tortor quis turpis. Sed ante. Vivamus tortor. Duis mattis egestas metus. Aenean fermentum.,RUB,Female,"data:image/png;base64,iVBORw0KGgoAAAANSUhEUgAAABAAAAAQCAYAAAAf8/9hAAAABGdBTUEAAK/INwWK6QAAABl0RVh0U29mdHdhcmUAQWRvYmUgSW1hZ2VSZWFkeXHJZTwAAAEXSURBVDjLY/j//z8DJZiBLgZkz37Ynjrz4ReyDEideb89afrDf5ET7v4n2YCEqXf7qpY9/T9r76v/Xu03STMgasLteaVLHv+fufvl/6k7X/y3qrlCvAHBvTeXFC54ANbctv7p/95Nz/5rFZ0nzoCAzpuPsuc++D91x4v/jasf/y9aeP9/89rH/6VTTxJngGPDtc3xU+/879789H/5kgf/02fd+V+17OF/yZhjxBmgVXCaRT3v7BqP1mv/a1Y+/J824/b/woX3/osHHSAtECVjjqy0Lb/wP2/+3f+Zs+/8F3XfS3o0inntXWSeffJ/0tRb/0Ucdv4nKyEJW25ZYBh/5L+w5fb/ZCdlQYMNs4WMt/wfuMyEDwMA0Irn/pDRT58AAAAASUVORK5CYII=",1991
Lenovo,88,"Etiam vel augue. Vestibulum rutrum rutrum neque. Aenean auctor gravida sem. Praesent id massa id nisl venenatis lacinia. Aenean sit amet justo. Morbi ut odio. Cras mi pede, malesuada in, imperdiet et, commodo vulputate, justo. In blandit ultrices enim.",IDR,Female,"data:image/png;base64,iVBORw0KGgoAAAANSUhEUgAAABAAAAAQCAYAAAAf8/9hAAAABGdBTUEAAK/INwWK6QAAABl0RVh0U29mdHdhcmUAQWRvYmUgSW1hZ2VSZWFkeXHJZTwAAAKBSURBVDjLhZJdSFNhHMZfkQLxIhKKJPWum6KkpIxAh9KQIWTrZhfe2EWIxK5CIgJBTEphhJBkCYGI9EFLZFAtlTnnNudm80yP82xO3RzqcZp5ds7OhuTTeyYsMmkvPHfv83v+XwQAOazaNqahuS9sMwzFhKdGXqg3MLZCnbHhqL9Hmg2m2IYnlMB8JIXZcBLj8yIau4MbuaqXDVkBD2iyYg6upzAdkuEKJjCzIsM8E0dZk9mWFdAxyAtzkQPzZEDGhF+CZU6EfUGEtoMVsgJa3/MCs5zEJJeALW2WMMyIsNI2NK1MdoC2zWuzsHF4l2WM+ER88SrpEj44fyKvZiB7Cydq37bUG1jZOi/B5BHwybULM0P711v3yEl9138Bl/VOnb435O//uoS+byt49jGKJ+8ieDG4gB6jD6pm2zYpbG85EnChcbT0/qsgO0GH5Y8m4VmS4V5MwEHLd7a/xuKx4wjS74oWSI7MEaL5C1DR7Oz9/H0XbESme5fgCSkAGdOdb7BafAZ81TVs31FjW3sTa9dLsXSqAH5C1BnA3edcwM7FYfEJGGdFTNF0VyCRTuZVV7GlqcR6SQnWiouxRSHR8otgCdnJAPS9YdkdkNA/zGOM7t1J16hMXylZST78NuuqMEvIfgbQ2B1KOjgJA6ObGPXFD25gVjwA0MSU243U1FRG/K1DAPUjb6jfEsOQI5YGjNFbMM8I4PLysVZ+CbHb1YgWFaXF11UjXHZeAfz4s45ykyZf5+pp6uIwQo12v0iHKcDabcTi6QKs0p6VspXk8JW0eZ8hpPKfQzqrG94o07ujNY+ZHdVDZu/cPeee+kZnfDI3/5eP5KSNVFvUXKH8/w2+ut3dWHFeZAAAAABJRU5ErkJggg==",1985
Toshiba,3,Nulla ut erat id mauris vulputate elementum. Nullam varius. Nulla facilisi. Cras non velit nec nisi vulputate nonummy. Maecenas tincidunt lacus at velit.,CNY,Female,,2007
Toshiba,88,"Sed accumsan felis. Ut at dolor quis odio consequat varius. Integer ac leo. Pellentesque ultrices mattis odio. Donec vitae nisi. Nam ultrices, libero non mattis pulvinar, nulla pede ullamcorper augue, a suscipit nulla elit ac nulla. Sed vel enim sit amet nunc viverra dapibus. Nulla suscipit ligula in lacus.",PHP,,"data:image/png;base64,iVBORw0KGgoAAAANSUhEUgAAABAAAAAQCAYAAAAf8/9hAAAABGdBTUEAAK/INwWK6QAAABl0RVh0U29mdHdhcmUAQWRvYmUgSW1hZ2VSZWFkeXHJZTwAAAK/SURBVDjLbZNdSFNhGMf/52xunTldrM2JaeomlZnTalJQOSmyLithSRBFH0ReJX3QlVfhTeWFUJFQCHVTV9WFVCCUaZaYpIb4kc1mmihOp5vO97znnJ4jFqI78Lt5n/P/ned9n/MK1dXV31VVzSYm6+vrPUjwVFRU9Mmy7OGc/2xqaspfXTNSME9RlKfExcrKSi2RgMI6dcSxtTUjBc3ESbLLzgt1fINoBuMamApcct5HlhU4c7XdSGE/sWOtQKRgD/GQGOxIapBiUkQSLQ5JkxxSEF7JJk1IjLEfRCPRva4DCqYSfoLbkr7hY6wTPsM9iMo2vA2fQPdsIRg7x+nrpwhbIoFMBKlY6DIDJZusmGVViC54EY6UY3Deqe9fJfR3XOsEtMhWBAVHXR6YBAs4chGzTQEZz6AKMh4zhhXB7rUCIRAIhKgQdrlcRTMzM4mGgN7e3kX/DauZQxaZyi2N53sWV3cwR7wKBoN8e83rPZLBBKbQ6GgKAecbbLYaUF5W1b+kyjuz0/LFvrGuheMPciwvq0aWJUY6WRMJcglDR+wRiqUKmLUMiKOleDFC89c4DtxK3pVhz0N++l7Mx2Po/v05WnrXbmu5Ho7qgqQVgZBiHEZ7+A6Kkq/BqjIcKTgLRVOhqApUaBiPjKIwcz+ibFH8GvoQ8d4W7foWIsRz4orDbEKxfSNm4g2Ic7Yc/jU9RNvh4Cp1o8iYW5pHcdZBROUF8UuwdVrvoIjCp4kcf1qmloQUyBYDWnhc4AqHK3ULhZVl2Z9ICHZrOrpG29A23DrFOMoFn8/HKHzZZDI9cbvd/0+elXUgTuNjtBW9G4+jAPvc5egMfULz4LsJCh8er9X6BK/X208CN9EzNDTkSzRGSZIG3DeXtpZ4DuH9YPMY3RM9PLD8H2hawgu47nHXCDFFNVgWVcU9WasF/63/Ban+u4K8LTKZAAAAAElFTkSuQmCC",2012
HP,24,"Aenean fermentum. Donec ut mauris eget massa tempor convallis. Nulla neque libero, convallis eget, eleifend luctus, ultricies eu, nibh. Quisque id justo sit amet sapien dignissim vestibulum. Vestibulum ante ipsum primis in faucibus orci luctus et ultrices posuere cubilia Curae; Nulla dapibus dolor vel est. Donec odio justo, sollicitudin ut, suscipit a, feugiat et, eros. Vestibulum ac est lacinia nisi venenatis tristique. Fusce congue, diam id ornare imperdiet, sapien urna pretium nisl, ut volutpat sapien arcu sed augue. Aliquam erat volutpat. In congue.",RUB,Male,"data:image/png;base64,iVBORw0KGgoAAAANSUhEUgAAABAAAAAQCAYAAAAf8/9hAAAABGdBTUEAAK/INwWK6QAAABl0RVh0U29mdHdhcmUAQWRvYmUgSW1hZ2VSZWFkeXHJZTwAAAJ3SURBVDjLpZO/a5NRFIaf+yWmNU1iolQsSqRiBZXiT1ocpC5FURwUdXHSTcdCF6t/QcFdHBREBBVFUCkIFV1KK+LgorYaqtCa9rOpaUzy5d57joMQi4qDnvFweDjnvO9rVJX/qfivDffUpFQZUOGQCD2qoMKECCMqXE4f1cryebN8A/fU9KlwzeQHO022B02sBvVoLcSXXhFNDhdEOJM7ps9+A7hRc0yzffeCdafR5Cp89Q0SfUFdHUwrQetmjA2IPt4hKj473n5K7zcBdtSsVmU61n0rJUEZXy+AXUJchPr6D4gopiVPrKWbr2NnKyJs7DitCwGACgPBxqGUJkCiArhvjD4IQRrgGzx/AmIruPJrfPSe5NahlHgGAAIAEY6YXC9SL6CuhorlwOGVqFjUW/b3VVCJUFvBLb4knt2CeI40VRBhGy0ZpLaIiqW65Jn/nGBxoQ1Fyaa/kksXaQkaqAuBCO/pbAJUqKmrJ/AOfIPiTJzUhhPk93UDEE6/Jpy6yvpcESUAVUSI/TzBU8DWgAQqloUvK+jo6iWZWUsys5aOrl5KS2tQaWCCJOLj2Iip5T94ZMNXmEQeFcjlqsxOjlMtz1EtzzE7OU42WQQNiGd2UAunsQ0eNWUs3TPtInxI9d5IiX1LJZwinIuxWE6DCpnkPLnkDG3ZDkzmINMPz1WcZdOuCzrfNNL8bXMi3t5/pzV/HGJLuNILfG0GdXVMPE0svRPPJkpvHlN6N3Jy95De/c3KszdNv3iutG0b7Eys2U6wIgBxuMjzbfYdn8eGC85yfs9FHfljFgA+XTcp8QyKcMh7elwDnGXCWUacZXjvpb+E6V/qO6evcx8oUQKYAAAAAElFTkSuQmCC",2002
Samsung,83,,MGA,Female,"data:image/png;base64,iVBORw0KGgoAAAANSUhEUgAAABAAAAAQCAYAAAAf8/9hAAAABGdBTUEAAK/INwWK6QAAABl0RVh0U29mdHdhcmUAQWRvYmUgSW1hZ2VSZWFkeXHJZTwAAAKNSURBVDjLpVNLTxNRFP4GCkZK6QtftZVHaURLCHFBu7Cu0H/g0rhpdKEbjOlOEzCBjYmycS2kbggLWbHQmmho8GIw0YRWIhX6TKlFgvKYx5253juhBGIkMZ7kzEnOzHe/757zjcQYw/+E5V8B8XicaZoGSil4vSElk0lTgmEY0HX9UIqPDqYA+v1+9Pf3Y21tDVNTU4sWcYVwOGwCjgpVVTE5OVnq6enxZDIZzMzMrPIDn1kE8/LyMqxWKwqFAjweD7LZLHw+n9lvb2/H0tISurq6YLfbPfl8Hul0WhwYjcViCUskEpESiQRramrCxsZGiL8g1Wo1pCgK4TJDsiyTcrls1lKpZPa3t7fFdYpCWZ14iPs1NzcLFUQw22w2Ipg5IxHMTqeTdHd3w+VykWAwKIiEgoLASrU1Tk9Ps4GBAfCholKphARYMAtwsVgMrbhfkh26iZB+B7lcDkNDQ9K+AhFc0oNUKoWOjg6TORAIwOFwmMxut5vwvcDbegGv6GPBvm8e6aCRJiYmWG1dadsLMEODalCovOdxBdDrvYz51Tf4XCDYpUrdu/s/mPQ3J96Nh9nV4E3ojPvD0GGAobxZgNN6EnPfXmMh95bKVG00nTg+Pn6es97j7LcEu0jZpZrg7PpXaFwF5Wo0XcNP5Rf6fBFsaTsWsjIr1+2Z5Ho0Gr3N6yDPLD9gUKYyqE5xquUcTre04Yy9Ew31x3HCdhYf80kkM7NfdlQ4LHsDxNjYGPN6vaaBuNOekE0Fz+f4wAwVXCr8rRcR7ryGD9lZvE/NqzLQVxphyqEZjI6O1n6UweHh4acHZ9L7qHHrUtsV68LiJ6zXV49xsPrHFo6KzofSd92ob9019IbKCKO1/m/zF57K8A8dwwAAAABJRU5ErkJggg==",2010
Dell,96,"In est risus, auctor sed, tristique in, tempus sit amet, sem. Fusce consequat. Nulla nisl. Nunc nisl. Duis bibendum, felis sed interdum venenatis, turpis enim blandit mi, in porttitor pede justo eu massa. Donec dapibus. Duis at velit eu est congue elementum.",IDR,Male,,2012
Lenovo,98,"Vivamus metus arcu, adipiscing molestie, hendrerit at, vulputate vitae, nisl. Aenean lectus. Pellentesque eget nunc. Donec quis orci eget orci vehicula condimentum. Curabitur in libero ut massa volutpat convallis. Morbi odio odio, elementum eu, interdum eu, tincidunt in, leo.",ILS,Female,,1999
Toshiba,67,"Donec ut dolor. Morbi vel lectus in quam fringilla rhoncus. Mauris enim leo, rhoncus sed, vestibulum sit amet, cursus id, turpis. Integer aliquet, massa id lobortis convallis, tortor risus dapibus augue, vel accumsan tellus nisi eu orci. Mauris lacinia sapien quis libero. Nullam sit amet turpis elementum ligula vehicula consequat. Morbi a ipsum. Integer a nibh. In quis justo.",ZAR,Female,"data:image/png;base64,iVBORw0KGgoAAAANSUhEUgAAABAAAAAQCAYAAAAf8/9hAAAABGdBTUEAAK/INwWK6QAAABl0RVh0U29mdHdhcmUAQWRvYmUgSW1hZ2VSZWFkeXHJZTwAAAKUSURBVBgZBcHda5V1AADg5/29Z/NMNzvW5qbhwmLpQkpbkqBFXvVBF0pXUXdddVMHu5Agsv6D8KbwppC6LRAqQWhdRKTmoAwvnJSOOsqmTmU7H+/H79fzZIN3tIanndDQBhAQABAAABU6PiuWfNoYnnbCzOG2yTnyIUKDLCNkZIGQETLkZMiQajoX28M/nNHQ0DY5xyBnaj85lq9we4EQyAMCObJASoyOs/VZtp5pN0A+RGiy7yjgKOU6i+e49j31GjJSQsbqLZqPEAkisgbdm1z+jr9/YX2FoU08dYRXT7L9ACCjLOmXVAUFDQEho3uTv74mZDQC43vZ+zYPTfP8+yyc4to5BhXFgLKmT0NAwNR+Xmxzb4nOAkvz/HScuXetjzTdjx2Tk3vki+cZVJQVBUGEnAxDm5iY5Zm3eOUkrZ3iwhfuXvlKs7XH6vgO0gb6JWVNnyAgw90/+PE9Lp1ifYWhjRz6yL2RUSOTB23ets/q9Xm9XYfoV5SRgiAgBFKgt8zSPPMfcuNnRf+uO1XP2HhL/eCM8dk3Ldf3pH5FUVMQRMjIEwc+4NDHbHuOhS+tXD7t4Zkj9BdcOP2N0VbP6vXf3J/YSlVTEEBITOxh+34mZtlx0NraqrLfNbalKw7+IUX12kU7Xzrm3w19dVlTEICM3gplF6TlRZ2ypzW9V+z+KcWeuTd2iUVHs3nV5tnXdbodKoICqULN2WOcPe72r59rzrxm49htqbpDlrv07VVEsX/VxJOP+e9BR3d0g/yTGS1TIwdsmWF4lJAsLt8wffi40MhlQzuE5m6P7ntBaO6WDT+hsWlGPva4653zi9ngZa3hKSdMaYuouDD5tDqSYpLqKMUoxSTFJMUoxSSlWKWUfv8fIbEaFyrl/WgAAAAASUVORK5CYII=",1996
Dell,9,"In tempor, turpis nec euismod scelerisque, quam turpis adipiscing lorem, vitae mattis nibh ligula nec sem.",EUR,Male,"data:image/png;base64,iVBORw0KGgoAAAANSUhEUgAAABAAAAAQCAYAAAAf8/9hAAAABGdBTUEAAK/INwWK6QAAABl0RVh0U29mdHdhcmUAQWRvYmUgSW1hZ2VSZWFkeXHJZTwAAAI7SURBVDjLpVPPaxNBGH2bbGq0pgYTsE0a05pWg0Wov9BLDlaloCfFQ/BQ8FQUvHgKCNKTV/Gi+B9UL6KgQiWNxUTwZCzBSFKjwTQ1TWxpkv2R3ZldZzaagL20dODxvpnded/3zZsRTNPEToYNOxzivyCXy03ruv6AocWGrKpqQ1GUKkNaluVVxhuM8wxvY7EY2STAfnjINoIhFolEnmy7gmaz6WBZ3zChp9tpQVgokJ+MB6V8AkwA7qOToNQAsUChEwqiU2iMdZ3PicVaOy5xAfOA2Ogocle4MQaHYVpzypjHfI0ahhUzfSxk17oujPhcKK1KGPX3oVhpIBzoQ6Fcx9iQG/nSBsZH9iNbXMfpI15rjVeoaQRCYkljFTRRqkqWMv/AMxKepdOK2eHxkAcnDnsw/2kF8cUqbIS0S5o4PoALJ32sVwOXzwbQ0iiuRoagagaunw+h7/Msjj2/hvrtQaSmQqCJR9Z5CK8zkulzKvi+UgchPHM3K69AZ+zJPMPoehzhc1ewa3gMyuIcviTjeN9zEcKLdN30O1Wrx9n5AqIThzZZ9eFGGKeiN7H72ztgOQnsc6MmBpFMLkHUdALiMPDxaw3BfhdSmYp1woZhtJm54CgX4ewfBi7d6V6gmQG4mr8htjRSy0qm9z9/2/HfO3Bmrxdy+hV6X95CS/kFmQk06nZIezyGsJXXmIz6Z3pcvXcDHiKKthIaVYIfFTvVVfOesNXnnIoejElr5Wk7FYLUbi6zXY8n58j9P8T+gmJP+OvyAAAAAElFTkSuQmCC",2010
Lenovo,62,"Nunc rhoncus dui vel sem. Sed sagittis. Nam congue, risus semper porta volutpat, quam pede lobortis ligula, sit amet eleifend pede libero quis orci. Nullam molestie nibh in lectus. Pellentesque at nulla. Suspendisse potenti. Cras in purus eu magna vulputate luctus. Cum sociis natoque penatibus et magnis dis parturient montes, nascetur ridiculus mus. Vivamus vestibulum sagittis sapien.",MAD,Female,"data:image/png;base64,iVBORw0KGgoAAAANSUhEUgAAABAAAAAQCAYAAAAf8/9hAAAABGdBTUEAAK/INwWK6QAAABl0RVh0U29mdHdhcmUAQWRvYmUgSW1hZ2VSZWFkeXHJZTwAAAKLSURBVDjLpVNLaBNRFD3vZTKZfCaftmltmghGLHUhVUQoRRApRVyo4M6luBBEQXDTjftu3IhW0IWgCNaN2qrUuGjFUmpR/EORgpbUhk7zaTOdJPN5M76ZVFBXhT44vDsz79w59553ieM42M6i2OYSrt55OymF5ANF1QxvNCxqc0E2HDAe2Fwd47Dt5vMmHBBmmrX1Yn5+YUFIJmKZ86e6o7rpECng+yc7+T8mzb2uW766zlJnhvUGVapW1rBs8mCygHzRgKY7WCzZyJdtLK3ZKKzbUFQHRc2ByYClkoHrzwqoaDqVk5ndVNMZCfgpujqjyL1XsLZhoiNK4OdiRB+BKLgA4kGCUtXAo+kVxFuiaI0HPE201rA8idkdEaQ7oph4p6CimmiLUI8o8kQxiaCsumQFba1RZLsiIJvmUa3Bmt3kB7OpCJKJEEan8h7BJcocJR7fe5VHLBbyzgSFv2zU6k0FhHfHMi1Igo2dXXE8n1OwVGx4eDqrIMPfySIDdSxP2Z/OCjWdwVVjGBZWyioyHTJE0Y9CWcKb+ap3UbozCSyvvsTc93GotQoahoEjvScA56CbwHK4t0QpcXJSRlDyw824qz2EnRyubTOfRvGjksPRw4eQbtmDyW9PkPt6C9VSPy+h/Ounzn3sSQedVIKiJcx4AxnaZYZU1EYnx9SH+9jf0wtGGXo7B8GIib59/dCqLxzB2FhdHLg8kQjI4bAQ8BGBd5Ny+3xcO6UElNfr0wqCn0RwfO85r/QrA7cx/mWER2OEbGWY+i+l66dPHpMsfsmHBu9iOHcWki+Ah4/HGlsaJtuxr81+noEIwfuzSARMf3ztfrpJtjrOfRdTw3y7wCFzqBwjszeWh34DRKkiE0cpxFcAAAAASUVORK5CYII=",1997
Dell,55,Nulla tellus. In sagittis dui vel nisl. Duis ac nibh.,RUB,Male,"data:image/png;base64,iVBORw0KGgoAAAANSUhEUgAAABAAAAAQCAYAAAAf8/9hAAAABGdBTUEAAK/INwWK6QAAABl0RVh0U29mdHdhcmUAQWRvYmUgSW1hZ2VSZWFkeXHJZTwAAAILSURBVDjLpZPNS5VBFIefmXduKVcrKKKSFBdJVJSCSfQPSC1tIxIEUQR9Qa6UQHQTuAiCFhbtWtSmoAKJJMpAqSBJ2gh9UaYXw4jU9N73zsdpMVfDIBDugWHODDMP/H7nHCUilBOaMqNsgOFe0380BLABnAUXwBbB+XjngaJACgaAXR3//A2rlw/gfcytL+UOXtwtAQAWchAC4ksPnEO8A+sQZ+PZWsQ5cJbM1t2Ql2WAgAg0d6My1cj4DcR79IFT4PL4x5fQR66hMhW45/3It7dgbQngXNQmATIbkFd9qEM9KJ8S3gyAD+iW82AXsQ8vkOxvx30dWwForI2AIKANVNVBcMjcFPpwF7rpJOHDE9SWBsyxW4TJ1xCiRFLBkC9EfSGgALXvBPJxEKpq8Pc70K1X0XvamOxpIfd5lsWZHCZrqG34TX0qGFIXaSFAsISx6+iDncj7QZK22+AtkzfPMZdW0thxkfX1e8m/G2Ji5CmmUERJ/w6h8TjCr+i6c4iNTouN7r98MEzz6T4qPw3D9Ahs3MQPU8fE0CiGvIC1KF+BWi6h97H2Es0tzheo2FYPRzv/dmDvdopBSoBnd1Y6Cy9QXL1njGJpfJDso7Ok+RmWgIX5BJNo1FqmcaS9pndddfbyzs3OGD3Fwqzjy/fE24L0qLWO82h7bdfiz9yZxKs6n8i0wEDrkLvyB9KrOCqdUGipAAAAAElFTkSuQmCC",2005
HP,33,"Nulla neque libero, convallis eget, eleifend luctus, ultricies eu, nibh. Quisque id justo sit amet sapien dignissim vestibulum. Vestibulum ante ipsum primis in faucibus orci luctus et ultrices posuere cubilia Curae; Nulla dapibus dolor vel est. Donec odio justo, sollicitudin ut, suscipit a, feugiat et, eros.",XAF,Female,,1999
Acer,48,"Mauris ullamcorper purus sit amet nulla. Quisque arcu libero, rutrum ac, lobortis vel, dapibus at, diam. Nam tristique tortor eu pede.",MMK,Female,"data:image/png;base64,iVBORw0KGgoAAAANSUhEUgAAABAAAAAQCAYAAAAf8/9hAAAABGdBTUEAAK/INwWK6QAAABl0RVh0U29mdHdhcmUAQWRvYmUgSW1hZ2VSZWFkeXHJZTwAAALTSURBVBgZBcFNaNdlHADwz/P8fpvbfJnO+M+XtKz1ovSqSEaJIUWRXoQKIoI81MU6dAgPQXQphS4dIiOQhMp7h4hAD84iArVSK8FU0NRtbro52+b2/z3fPp8UEZ77YPCN7kXzXsvJBnQhgYRIRNEu5dz4WBxON2+8d3Tf9lmAFBFe/Pjno1+/s2FtzmlxUAkAIiBcuzXn4LFxQxdvT/11+kzfT/u234YacpUe6KyrxX+OqHJKJKLQRNFuh+m5xjP3LfTE/bVfy7WeKA/e2PL290uOfLbtdoaU0oKIqDqrrCNTJ6pMlUiJLKFYvqjT9o3L3T0wr7teNP8ryBAkyMiJnJKckpySnJJcJVevT7trwZx1fcmbTy5VdVQvQw0QQV2RJJGS0gQ5qSs6I/tnLMyWtlJmbb5nnlTnNtQQQaBOWQiBlJOEKESVTV0aFHOzuga2CpmUQQ2BgpRIkkDgv9GLJkcuWLDyUV3zOpWOWpm+7sih4zYt1QEZSpsICgIRgTBx9azVq+40ffWkVqtlxYoV2sOnDQzcq+fm39WePXt6aiglRARBCAA9favMzMwYHR01ODiou7vbunXrTE1NGc2rm092vzqVoSk0QRSaQlM4f/wHnWVSq9Vy9uxZ23a+b8sr7/r38hXLli2z9aHF1d69e6OG0g4lwoe/zUpCSeyYmFBVlf7+fq1Wy0e/zynYWpLJyUmXLl1y/vx5NbTbjaZh+aIO61tZCabbL7l89bS+oSFr1qzx/LlvtUuxZvVKY2NjDp+82fTSqqF9u5R2KTHbSL9cbpQUQuXpK6foXWtoaMj6xx4xMzPjwoULent79eeLVerunqhhbqYZnt9Z3bH74dn5EZEFBcfGlzpw4ICdb+1y5tQJw8PDNj21Ob784vM03iy59d03nzYpImzcdWhXey52pJQeD9EDIAiE8OzCH7tGRkac7Hp9vJRyInPwj/0v7P8f4TBXams7dlUAAAAASUVORK5CYII=",1993
Acer,19,"Praesent blandit. Nam nulla. Integer pede justo, lacinia eget, tincidunt eget, tempus vel, pede. Morbi porttitor lorem id ligula. Suspendisse ornare consequat lectus. In est risus, auctor sed, tristique in, tempus sit amet, sem. Fusce consequat. Nulla nisl.",CNY,Female,,1995
Toshiba,10,"Nullam varius. Nulla facilisi. Cras non velit nec nisi vulputate nonummy. Maecenas tincidunt lacus at velit. Vivamus vel nulla eget eros elementum pellentesque. Quisque porta volutpat erat. Quisque erat eros, viverra eget, congue eget, semper rutrum, nulla.",XAF,Female,"data:image/png;base64,iVBORw0KGgoAAAANSUhEUgAAABAAAAAQCAYAAAAf8/9hAAAABGdBTUEAAK/INwWK6QAAABl0RVh0U29mdHdhcmUAQWRvYmUgSW1hZ2VSZWFkeXHJZTwAAAGGSURBVDjLxZO/alRBFMZ/c6MmomKhBLv4AIJiYekjCFopKSzyCnkGW99BbMTOQhsrBcFKsLCJhRYBNYYsWXNn5s6Z81nMGu+626XwFDOHge/PmfkmSOIk1XHCOvWn0ZdXsulPpAFZQbUgG5BlVDOURLWELEJJXLz3JMwTVOP0tfsLChIEmC2A4OD5g0UHebLLWQl5bAcBJAcC4i9D6FZRiUtGMMOHb9j0PXhGGtruA3hCnpBHzly+i5d+CUHNgCFPoDIDjcEJeQ8yNCxxYL/2m+U55Yh7mpFE8NhE7GiRwGsi7bzF8meoA8io6ZC1jfWm7AnVCPLld1DjPna4y/kbm4Djw1emH56h2oN6VFNzIKOOCI6DFCTKj48cvN6m9jtQC64yAjcXrjrnoBu/94VbDymTPSZvHs/A6RgsT0gZqC1M/46AJcJKx7mbW8RPL5m+e8HKpeusXbmNI1AFDHBkmZHzFpO9p3fkJSNLqEQsfgc6uhCQJRgy7qlF2ypXHynMEfy33/gbubc6XKsT2+MAAAAASUVORK5CYII=",1998
Toshiba,53,Aliquam erat volutpat. In congue. Etiam justo. Etiam pretium iaculis justo. In hac habitasse platea dictumst. Etiam faucibus cursus urna.,PLN,Male,,2010
HP,86,"Proin leo odio, porttitor id, consequat in, consequat ut, nulla. Sed accumsan felis. Ut at dolor quis odio consequat varius. Integer ac leo. Pellentesque ultrices mattis odio. Donec vitae nisi.",IDR,Male,"data:image/png;base64,iVBORw0KGgoAAAANSUhEUgAAABAAAAAQCAYAAAAf8/9hAAAABGdBTUEAAK/INwWK6QAAABl0RVh0U29mdHdhcmUAQWRvYmUgSW1hZ2VSZWFkeXHJZTwAAAKDSURBVDjLhZNrSJNRGMc3HeoQL1ObhEMhcWyB5IWScn1KRPoSBBFUFBmpJOQXv4RhXlasRbZFXmDkXLowIxesrSGTodvaLWcEKdTMyWAtQteFsWSLf+e8zlHo6sD/fd7nPOf/e877cg4LAIuKDLZYLG5QKpVuoVDYRHIOnUuIU1NTI1GpVA66hs4lffThI8FB5DEYEAwG4dLrmdyXEH33mkxMbcFoTNYSjVlsmrzNzMSSzYZAIIB3JL5JT8d6WhqjRTYbS3Y7U6NrFhOAxO62AO+zszGt0cDv92NarYa3qAhrBQVYy83Fay4X06OjWzUSl3cDfMnLw6xIhBGBAOayMqyUlmK1pAQf+XwsE5AhJwf3s7LwIiMDQbKjHYAfhYX4XF+PUG0tPlVWIkBga+XlWCWgFQLyFRfjA9mVj8fDOofzN8DlciEej6dULBZDNBplRAedo56UgEgkAo/Hg42NDbjdbjgcDlydkOCyuho/Y9H/A6hZp9MxnTc3NxEKhdA6Vode/RmcHhHhe+QrnE7nTgA1bEM6tEdJ18Noe3QQzQ+rcF13ClMeJTqfnkCjYi/m7JbdAdtqH6/Dc+8Qni08YIyTHgUU5k5oHHK0aRtxSMbF/i52fkrAJfK91Dww04HbpnbcNLagR38RfYZWjMz349yYBBU3WHHmKFMAMf36E3BWJcYTtwJa511oXskxapcRyBUMz/ehRduEA1IeSq6xqhiA2WxGOBz+RiHb/+Dk8D4cVwrQcI8PyZ18nFcfwdBcD5rHG1ErK8bUzGMkL9Pg4CAsFgusVmtKVd/i4oLmGKr792Dy5QSoJwmQSqU2co3xL1V0Z6C0Kx29A91MLpfL/dT7G1NDhMW9KO0jAAAAAElFTkSuQmCC",1997
Dell,24,Pellentesque ultrices mattis odio. Donec vitae nisi.,TND,,"data:image/png;base64,iVBORw0KGgoAAAANSUhEUgAAABAAAAAQCAYAAAAf8/9hAAAABGdBTUEAAK/INwWK6QAAABl0RVh0U29mdHdhcmUAQWRvYmUgSW1hZ2VSZWFkeXHJZTwAAAKKSURBVDjLjZPdS1NxHId31R9QF0lXmW0GRRC9eVNiL6ZIRoVCSFNzL+BNiIe1ZCzLKKRAyLIc+Y6hFcpMmUo4NXXszbUIy9p0Dp1ORGRnO2dzG5/O7wyPDQs88Fwdvs95vj9+RwRA5HA4csafyTCizsVw6RGIRKIzu+QgGT5us9mCFtME7KYxDBanIxaL7Qpeolar9+j1+pKhp0pM6pQYlKaDZdkkQqEQgsGgQCAQQDQaTQiSC0ZhKJLsEGxJtqBpGpubm8kFhholJhoVMNySIBwO81R1LkDdsYB7HKp2D1StHlAcpEIQCAVTiYKBQgkikQgPGe4YXUU7R5txFa0jq6honucFpCqpYOCRAl8a5OgvEPN2wt9fpZrn8F5XDUuXHP7pTjAME/9nQd8NMX9ARLC1CsFvacKa+S6itBkrI3ew+LWf5QQntwseyDH+Uoa+64eF4coWDyqa3Gh80wD/mBTRjQ5sfK/GmkmLuXeFqLmWokkumBqFPj+NF5AzIBKy69JnFSLr3Qj7tAiv6LDh1ILxVmOm4TwtFHzSyDD2ogy9eWnCIRK4XeGbqEPQXQvGUw7WWwlmvhjMrwJYtWeZpAIbV9CTe0g4xMCiA0tD5Vg2yhGYlYL5nQ/WXYTQzwJMPz4FKnO/ZrvgfhmMdaXoyU4I1n/o4e3lhryNCLlugpnNhq3+HJzPL2OmLgcec//Oe0AKPl5MRTweh2+4nNu5DYFvGWBmrsD+OguWviZEGRoxlgZ5hHtAUVRqZ94x9N4+jQ8XUuFyubBgUCDif4LQ7FXYXmXB2F0Pp9MJq9UKu90Ok8mUEBARoUS8N1N7IuVhmWSfjLzoUh1tcb69tD5Zm7FM5R6o+t/v/AcPwsfW2HYHkwAAAABJRU5ErkJggg==",1989
HP,76,"Morbi odio odio, elementum eu, interdum eu, tincidunt in, leo. Maecenas pulvinar lobortis est. Phasellus sit amet erat. Nulla tempus. Vivamus in felis eu sapien cursus vestibulum. Proin eu mi. Nulla ac enim. In tempor, turpis nec euismod scelerisque, quam turpis adipiscing lorem, vitae mattis nibh ligula nec sem. Duis aliquam convallis nunc. Proin at turpis a pede posuere nonummy.",NOK,Female,"data:image/png;base64,iVBORw0KGgoAAAANSUhEUgAAABAAAAAQCAYAAAAf8/9hAAAABGdBTUEAAK/INwWK6QAAABl0RVh0U29mdHdhcmUAQWRvYmUgSW1hZ2VSZWFkeXHJZTwAAAHoSURBVDjLpVM9awJBEB2DKIoocoI2goXVgVhoYam9bep0XqX+DU1pZ6EhpZ2FYGsnot2BqJUgaiGCd/j9tZlZvc2ZjyZZGPZmb+bNe49dC2MM/rOsXw9Go1EcQdMYSYwIDbheryruLdwb0Wi0Z663mBlgs4J5TpIk2el0gt1u5+f7/R7W6zXMZrM+gpRisVhZNBEAxXA4VAaDgYbFjBbtuq4zTdPYbrfjZ5vNhnU6Ha3dbitGH2dwp/0eCoVkmrparQSweYjP54PtdgvdbpeYvKRSqd4TFWCSJtpGc6FQgEqlKpqLxVeoVt8AGQFJCwaDMrJJCxPJMPpBWhEMboPZ/ZvxbwMMG8Hr9VJtks4MBhGafjgcHigbAIRhnBGAy+WC8/kcEQBmrdR0+3402VxzPB7hdDqBmYFK5thstjsAExI+81szSV0ulwSgCoDL5dIigxwOBy+SJN+DBHLfYEE10+mUJLSEiai9MR6Pn1Gb7Pf7QVEy4p7QBcpkbrnb7Yb5fA6qqvYxbQgGiUSih66W8JLoRM/j8YDVauWm0k5BzXgTodls6uhBCUF7365yvV5XUFsuHA7LgUCAA6E8WCwWMJlM+GTMS/l8vvzjW6BVq9XiSDuNQPwxoVZuMkYLmTSy2ezvj+kv6wM24KX3CYk6PAAAAABJRU5ErkJggg==",2007
Samsung,29,"Duis ac nibh. Fusce lacus purus, aliquet at, feugiat non, pretium quis, lectus. Suspendisse potenti. In eleifend quam a odio. In hac habitasse platea dictumst. Maecenas ut massa quis augue luctus tincidunt. Nulla mollis molestie lorem. Quisque ut erat. Curabitur gravida nisi at nibh. In hac habitasse platea dictumst.",IDR,Male,"data:image/png;base64,iVBORw0KGgoAAAANSUhEUgAAABAAAAAQCAYAAAAf8/9hAAAABGdBTUEAAK/INwWK6QAAABl0RVh0U29mdHdhcmUAQWRvYmUgSW1hZ2VSZWFkeXHJZTwAAAG7SURBVDjLjZMxi1NREIXPC9HCKGGN2MgWdio2utZxA0KKVPkBwqaR/IS0dqYx/0LIVpsuBMFKA5LdQotF1kJWcMvYmBfemzPH4r4X3+pDMjDM3MvMx5m53Gg4HJ5L2pV0OhgMHmAL6/f779I03Sd5WgGw2+l0QPIetrQ4jvd7vR7iOL5fJXkymUweXb1+OzparCQATiCPDsAFkMDz5rUIANbr9dvRaPTMzN5HkgAAR4uVdmoVQKFJHhqlEC9+Og6eBkDRqnlCD8V5Q+4S4A6Yl4+zAeSFyiS7/wVhOWEzwuGHlW7eqEACPp0vgyoJJCA6zAE3hxlgJF4d3I0uKTABLIxwZ+dKUOECXXCGSApff6QlO2BBNpWdBXcHHSAdZAAkqZcABFwsHXQPxS44HSSyuz9K0lT/AopP9PJwKZpvJNMdbgp7oMOsBFA0M8EKkjc7yHIz/h+QJoRZddNoVLZMhxOXFXS73UWSJHskj6fT6RMASM1x9v0XUgdoDiNgRjjD03588wK3Xn+RmZ2h3W5rNpup2WxKErbxRqOh8XisWq2mqNVqHSdJ8pjkyXw+39vmN9br9c9m9pDkt98JJaJgEg+kbwAAAABJRU5ErkJggg==",2008
Lenovo,14,Nulla suscipit ligula in lacus. Curabitur at ipsum ac tellus semper interdum. Mauris ullamcorper purus sit amet nulla.,SOS,Female,"data:image/png;base64,iVBORw0KGgoAAAANSUhEUgAAABAAAAAQCAYAAAAf8/9hAAAABGdBTUEAAK/INwWK6QAAABl0RVh0U29mdHdhcmUAQWRvYmUgSW1hZ2VSZWFkeXHJZTwAAAJwSURBVDjLpVNNaxNRFD2TzOSTpFgZCg0JJPEDCaK48wNaEzS4cOlCsIgEXHWrCC3FRQXBP+BWCrpyKcZImhZmYdwVUaolIWXSGGPJpLHNJJnJjPdNnTBFXDlwuPe9eefcc98HZ5om/ufj7aRcLhdHo1Fa13VQBItOaJrmzFdzuVyG8TjmgMgzfr9/LZFIYDgc/lXF6VIQBJRKJciynJmfn1+1HJDq0uTkJJrNJrxe75jkJLK8Xq8jHA4jmUyiWq0u0PQqJ0nSTCAQWIvFYuh2u5YDG8wuI3IcB7fbbVUPhUIIBoMoFouo1WoZnvpZEkXR6pEt8vl8FuzqTicsGoaBfr+PVCqFra2tBZ5VUVUV7XYbg8FgvIhtJIv22J5jY57nMTExYTlkAmlWWVEU9Hq9I4R/CbAWIpEIc53m7eMpFApHBJyWnTmLjMxOzHaAr419tKayWLw7i82WjoDHhV/tH/jwZQf13X1cPR/FyUQc7Z6BM1MCll+UIFV6loCLOagpJu5lU2h0DfSGJrw8Z5GvnRLw4LqI9Q0Zfg+HgW5iW9GxNHcR8h7GAvnKdh0+Dw9tdLjbLg6YPRfF+28anhV+YoZydXj4TxsBfc1Eq9Vie5K3buLtp+/uXElNr1y+cBq6YWI67IZfcEFwgxwZ2Gho6Kq0kaQRPcbThZLxWqo8Jr0nrj8X7a30uZGX6zs4cZy3yCMSPqCqHdWEcmAg7HNR/zw6u01G/kicl68eZXXOviTkIk5hmXDr/o2UcDYuQvAIGJDd74qKzl4Xz9980lkxwkMib44fk/2RiEDhEmGOcJMgsjUEmbBOWCGsEXn84n4DYCewx+p/CvMAAAAASUVORK5CYII=",2004
Lenovo,7,"Nullam sit amet turpis elementum ligula vehicula consequat. Morbi a ipsum. Integer a nibh. In quis justo. Maecenas rhoncus aliquam lacus. Morbi quis tortor id nulla ultrices aliquet. Maecenas leo odio, condimentum id, luctus nec, molestie sed, justo.",PYG,Female,"data:image/png;base64,iVBORw0KGgoAAAANSUhEUgAAABAAAAAQCAYAAAAf8/9hAAAABGdBTUEAAK/INwWK6QAAABl0RVh0U29mdHdhcmUAQWRvYmUgSW1hZ2VSZWFkeXHJZTwAAAIsSURBVDjLnZPNi1JhFMbvKtoHBa1atgmCtv0VrVq0aCkGCn6mYH47ip8IflAKhibpRke00BnnKiKoiKA7qSkF08FvvToak/f0ngu2qBYzXngu3Jf3+b3nPee5VCAQcPj9/ucAQB0iyufzPXS73Wd2u/3RQQB8Wa1Wiclkqms0mrsHAQwGwy21Wn2qUCjOxGLxHVyrVCpHpVKJpWmazeVy20wmQyeTyaf/BaAKhcIrkUh04XA4vhSLxTIxX5IHULMCDd+PkxCLxbaRSETxD6DVamUbjcavWq22LZfLMBqNgGEYuJgs4TxbhG9PHnManuQgGAyypOnv/wCazaat2+1yJ735pOCMy+USBuMFvPzIwosPAMW3xzDwemA+HHL78vk82Gy2Iw5APtZoms/nHGCv2WwGP4Zz6AwWsFgsYLVacUI47jUajTvS9GcUaQ6LgL/Ne3U6HSBVgtPpZFHT6ZSrst1ug1Kp/EolEokdUveGPWAymUA2m4V0Og1kD5AxX1osFo1er2fxGpvNBiQSCVDxeJzp9/tcWWjEcsfjMVSrVUilUth5IEYgo/6Md1apVDSu46FCoRCoaDR6gp1HIwLQ7PV6ezKZbMnj8YBoKZVKUzqd7h4C5HL5bZKVU4FAMOHz+U4qHA6/RiJOAgFIJvFmrp3EUCj0gMyVqdfr0Ov1YL1eg8vl2t0oyh6P5x2JKZAwAQkVNuznjQDkb7xPgnFuNpuvyHyvtFpt+bqA3zDZAQQexaeGAAAAAElFTkSuQmCC",2000
Lenovo,21,Nullam molestie nibh in lectus. Pellentesque at nulla.,BRL,,"data:image/png;base64,iVBORw0KGgoAAAANSUhEUgAAABAAAAAQCAYAAAAf8/9hAAAABGdBTUEAAK/INwWK6QAAABl0RVh0U29mdHdhcmUAQWRvYmUgSW1hZ2VSZWFkeXHJZTwAAAIcSURBVDjLY/j//z8DLqyePcvQuW7VQomESay41DDgM8CpdkVm94YzD0RiJ3Iii4snTGIjygD3xlX58/de+y6ZOFkAJqaQNk3Hu2HlaaIM8G5eU7r+5L3/silT5aE2q9UsOfw6ecJW4gwIaF9fc/Dq8//yqVO1hWL6pZuXH30+d8/VhymTtyYRZUBw58aWc/ff/VdIm55as/jQraM3Xv71a1pZTXQghvds7rzy6OP/vk3nvjx4/fW/V/2yuUTFQgc3AxOIjurbMuHuq2//t5x9+D+2d+N+gtHYw8ssv1xNeuYuE60zc2UEOzNn7D5z4cGH//ETtx8Vie3nxmsASPNOU53r591s/p+yM/503cf+/6w9N/4/BLogatLu/RJJU6ylEicy4jRgpYbsnDNu1v8nCHFYTRBkD77iYf1/zt7b/5edeff/no/D/4vOVv9nSPJn4jTgsI3Rm7V6yutB7BWqUjMvBTj9L118+t81f8f/ixXF5h6w1L+yz0LvfjcvExdWA/Za6d87aW/6dLOB6qG7Xvb/12jJH9pkoHL6mI3RpzYuBua50oLlJxzN//cJcShgNWC6JH/ycVujH+eBilZrym8AapLYoqu8/oyD6d9WTgaJFeoyU4/amfzo4WMRwRkLvfys8n0CbGpd3IzMIP5sGaGCm94O//eb6ty96G77f6W67BKScmMP0L/L1GXmA732fb2u0k5gTMmgqwEAFiuGP1TJcvYAAAAASUVORK5CYII=",2008
Lenovo,33,"Fusce lacus purus, aliquet at, feugiat non, pretium quis, lectus. Suspendisse potenti. In eleifend quam a odio.",CNY,Female,"data:image/png;base64,iVBORw0KGgoAAAANSUhEUgAAABAAAAAQCAYAAAAf8/9hAAAABGdBTUEAAK/INwWK6QAAABl0RVh0U29mdHdhcmUAQWRvYmUgSW1hZ2VSZWFkeXHJZTwAAAH+SURBVDjLdZI7aFRREIa/k3u5cclGwiXEF9GInSCIoF0qa1/BynJdyBYhtaRJSrsFK4XtBCGFQRALm4BYKQg2ti5JQEh2hay66ObMmbG49+4jSwYOc4rzfzP/nHFmBsCL6uWrwDfGo7PcaM5wQrjnjxduABvAnXJ6hkdr63TbnwGYmr3Fy/Un/O3+AngFbC03mq+HATGwdfv+g4ul8jT++1fMjNDrAmBmLF6bZ+LcFczs4fs3b+8CY4BLpfJpjn4fICo0N+tgBhht+4Ka4ff3ODV7ITFInHPOCt85ADRgIkzMnEWDYKb8aHf52fmHAbp/iNsTdlo9gJvOuQNg18w0BjBVVAT1PdT3wIxW65B7a++I4qTf7hKwIfKp0Wg8W1lZqTvndnOAoMFjprn37ERxgvceEUFE8N6TpimVSmU1jmNqtVp9IgMEVDwmHg0BDYppBnPOEUURURThnAMgSRKq1eoqMBcXAMRjQTFRVA2VDBBFUT9PTk7S6XQIIZCm6WCIpllVFUUlYGpYCCMdFHfnHCIy8o3ZEH3ARDEJqIKKDbYthxQWitwHZNUzgOYWig6GIcdBgz0IhnrNZ1BY0PG9z4WFpQLw0R8dLU6dn8+EqphCybf6j4YWb6R6AXj6YXt7GrjeFwA7rR5LJ4gAQgh/gOCG6cfaXQDmODkCcPAfs2Qwc59hLO4AAAAASUVORK5CYII=",2003
Acer,82,Aenean lectus. Pellentesque eget nunc. Donec quis orci eget orci vehicula condimentum. Curabitur in libero ut massa volutpat convallis.,CNY,Male,"data:image/png;base64,iVBORw0KGgoAAAANSUhEUgAAABAAAAAQCAYAAAAf8/9hAAAABGdBTUEAAK/INwWK6QAAABl0RVh0U29mdHdhcmUAQWRvYmUgSW1hZ2VSZWFkeXHJZTwAAAKUSURBVDjLnZNfSFNxFMdvaL0EQQQSQpQPQS9R0FPQQwUSPfhQBBb4EOTDIILYxnR7aBPmlPZPBptSDoxNUR9yLhduOrexBs6WpA+BlbnRmrL/f22lu99+58JiWE9e+F64h/P9/M495/y40dFRw8jIyH0A3GHEDQ8PXzCZTEt6vf7ioQD00mq1Uo1GE1GpVC2HAqjV6mNKpXJRLpcvSSSSUxRbXl4eCAaDvM/n4z0eT9XlcvkcDse1/wJIfr//sVgs3jEYDF8CgUCImXfZA1LO78PWrANTU1NVu90u/wewvr7uXl1d3V9ZWamGQiGkUimUSiXsZIrYdAfw7cplQckFD6xWK8+a/uovYG1tTReLxYSTnr2VC8ZisYjtdAEPJ3l0jQOBF7PYtpiRTyaFPK/XC51ONyAA2EeFTPl8XgDUlcvl8COZR3S7gEKhgHK5LIjglNvf319jTb/LsebwBDhorisajYJVCaPRyJOy2axQ5cbGBhQKxVduZmamRtS6oQ7IZDJwu92Ym5sDy4H96b3f3jst+cWbzfA/OIvPNjWkUim46enpUiKREMoiI5WbTqcRDofhdDqp8xgXd+Kj5Grtp0sP/tM8KpNivH9yCcauG+AmJiYWqPNkJACZLRZLXCaTFUUiEZiKztsnKrvMDFMH0HMS0LQh9fw63tw6XuBsNlsvnUSTIAD9DlvvUuOsWdk8/+E1Gp+c8jQozo2NjZ1jcy1FIhHE43FUKhUMDQ3VGgHu9qbvZesjgJmqMg5ZppioCSweFxLMZvNLtqZgywS2VGD34lcjINjZqgp3n99L9LQhKT+Kze4j8HY078+3NymEBHYbW9libA4ODu6x+e719fWFDu78u84zvezELSqbKiIzxf8AGfvxrzvUBvIAAAAASUVORK5CYII=",2004
Samsung,81,"Nulla ut erat id mauris vulputate elementum. Nullam varius. Nulla facilisi. Cras non velit nec nisi vulputate nonummy. Maecenas tincidunt lacus at velit. Vivamus vel nulla eget eros elementum pellentesque. Quisque porta volutpat erat. Quisque erat eros, viverra eget, congue eget, semper rutrum, nulla.",IDR,Male,"data:image/png;base64,iVBORw0KGgoAAAANSUhEUgAAABAAAAAQCAYAAAAf8/9hAAAABGdBTUEAAK/INwWK6QAAABl0RVh0U29mdHdhcmUAQWRvYmUgSW1hZ2VSZWFkeXHJZTwAAADTSURBVDjLY/j//z8DJZhhGBhw8uTJ/5RgsAF//vwhC7948QJhADkGDTEDtp9c+790ZsL/tD7//4ldXv+X7pmBagA+vOnosv+NqxP/b7ky9f+FZ7v+9+/O+h/er/u/fXHZfwaQKYRwYpfn/42XJ/zfeG3SfxDo2ZP6v39P+n/bfHniEotPteH/bVfm/EcGmy5N/W+eLUmcAZY50t+7dyX9b9+VANbcvjMB7AKgAd+JMgCosCW4R+N/764UsM0gGsQHivcQneaBijuA+BPI2VC6AyQOAPdpPzVHO/APAAAAAElFTkSuQmCC",1993
Acer,28,Mauris sit amet eros. Suspendisse accumsan tortor quis turpis. Sed ante. Vivamus tortor.,IDR,Male,,2003
Samsung,4,Integer ac leo. Pellentesque ultrices mattis odio.,CZK,Female,"data:image/png;base64,iVBORw0KGgoAAAANSUhEUgAAABAAAAAQCAYAAAAf8/9hAAAABGdBTUEAAK/INwWK6QAAABl0RVh0U29mdHdhcmUAQWRvYmUgSW1hZ2VSZWFkeXHJZTwAAAJ8SURBVDjLpZNLTBNRFIb/edgWamkLsylqsaASIDUEBHfCBqohcWG6UIM7YmJMNG5cuKkudGEMYQeJYqMbCZGFYVHrStMYTIm1RU3amsgjQVQaHsXSztt7p7YqlpWT3JyZO+f/zn/OnWF0Xcf/XPzOjVgsFlQUZVCWZZ5EkGgsSZJonPD7/ecqAhKJhJ0IHjgcDr/ZXA2RiKBpMPwRl06nA+Fw6Cx5+hcQj8dPUrEgCPusVivmF5ZBq2uaDk3XCEiHSmCiKFZugSSH3G63sZHPFyAT8fvEWwLQyquv/5TRRkUA7dFkMiGbzRYrqypa29qN6vqv6nTYuzqgZJWIaBI9FGo9EZ8lUTWq03eugdM4xEax9NQ3K64ujx2+9GH8LwfFWelGMgW0eTuM6iUXzOI0jncLsLdeOZaZGb4bu3NkueNG+nnZQQlgQEhlKqL3qzXz+JJ6jI6D+2Fv7kNuMYQ9tuZah1ucCl1tHGJLgLJY/T04CnqYuo8GpQC7dwDq9idYhHrw1YCrp726qdU9ajigwyl9kdQybUGnELJ3re4mhM0w5PUFsFwGDJuDqSYDFLbxY0Xkyi3QU+A4rti3SqeuwSQu4YD2EuZaAla+g9U2ANYGXZaQnEgVPqayF0sOopFIpNvj8cBms8FStQk+8xp1+Tdo6PVBl16AUbcwN70Fc27lG8cwSH/OXr7wZH6KKVkfGRkZIKdxy+VydXoam1C/No76zhOQMqPgeTuSr2RMRqvQm31XY7Fy6Hm0tEV1zM6/MRAI9BPQvTMtSe9RXxeUjRnMhdbxbM6Br5qQDAaDLX/mM7v9ztHhrtt7a51D22u5fDq9ev38WHqyUt5PJr6PrWVr/2QAAAAASUVORK5CYII=",1955
Samsung,60,"Proin risus. Praesent lectus. Vestibulum quam sapien, varius ut, blandit non, interdum in, ante. Vestibulum ante ipsum primis in faucibus orci luctus et ultrices posuere cubilia Curae; Duis faucibus accumsan odio. Curabitur convallis. Duis consequat dui nec nisi volutpat eleifend. Donec ut dolor. Morbi vel lectus in quam fringilla rhoncus.",MAD,Female,,1996
Lenovo,65,"Morbi vel lectus in quam fringilla rhoncus. Mauris enim leo, rhoncus sed, vestibulum sit amet, cursus id, turpis. Integer aliquet, massa id lobortis convallis, tortor risus dapibus augue, vel accumsan tellus nisi eu orci. Mauris lacinia sapien quis libero. Nullam sit amet turpis elementum ligula vehicula consequat.",EUR,Female,"data:image/png;base64,iVBORw0KGgoAAAANSUhEUgAAABAAAAAQCAYAAAAf8/9hAAAABGdBTUEAAK/INwWK6QAAABl0RVh0U29mdHdhcmUAQWRvYmUgSW1hZ2VSZWFkeXHJZTwAAAK2SURBVBgZBcHLjxN1AADg79eZttvddttll+WxIGrAV4QYTbxoYsSLgjc5arx68qCGf8G7J+NBEg8e9GqURDEmEiOJAWNUwIi8sryWDbSdmc60Mx2/Lxw78caZ1fXVo1EUAYAAACAIgICymrt/7/6P8er66tHPPzklNIJyPgNAENRqAWSzBEFdN9TzWq3y0ckPj8ZRFKmUwuxL6fcXrJzJbJ18xFKv6/LlX1xMP3Nra6jXW3Z3eyiKm0Zp7t1jtWYcaQAMh9uGT7eMkkR2+m9JcluSJEJxQTEZm2Rj00liMkmUeSqEOYI4APr9ndQzi+/v4OPz2m+tWd+zV2d2xaQ8pDfoaUUNcbMlyXIhFAgaQDAcDiXJ2MP1ymilNPn6X6q5OvvZrEhk49SsyBR5alpkQqhBDNDvr1PPDPrLhu89Y+XTbeUre7TXCo9MtzW7+y22I81W0zibYkSgQQB5XkiTzHA0NF6qPHiC/Iv/1FWuMf1WPklMi1SeJubTVABBHACdzkB3OdVfXgbNtx/V+eCsuDpg7+pf8s7ERvcP7daW6eSaqPGOgDgAxsNUkhRI/bZ5x41Zw66DlSdPXbZ5PLUr+kYx+slg8Yj2uW1hNRPQEIKA5cFuFgZ+z0rXpk2DwU53XjtgX7xisrXXoDuycX1B54dLbrQqdbMFYqjr2rmbV13YvKTb7cnzXJKkkqLw61MNh7+6Ijl/3eZK0+3nHzdqBvtbbRAHZGVqq5ppt7qWOn15MdVd6Or/ed2+W5lWkwfPHnbzsZZ2e8HStKCuQUwQQkPPsknItKuOxdC16+I9rc2Jqy8dURxMvHz2oX/27xa1m5irZqWAuCwrVVXZ2PGcjVUCCMIhvMpaCCC8OPdCNBMttESNSDWvlFUlvHni+Hc719dej5oxggAIAAAIAIGyrGzd3Tr9P5JrNp8Zt4rCAAAAAElFTkSuQmCC",2005
Samsung,93,"Proin risus. Praesent lectus. Vestibulum quam sapien, varius ut, blandit non, interdum in, ante. Vestibulum ante ipsum primis in faucibus orci luctus et ultrices posuere cubilia Curae; Duis faucibus accumsan odio. Curabitur convallis. Duis consequat dui nec nisi volutpat eleifend. Donec ut dolor. Morbi vel lectus in quam fringilla rhoncus.",PKR,Male,,2001
Samsung,37,Curabitur at ipsum ac tellus semper interdum. Mauris ullamcorper purus sit amet nulla.,CNY,Female,"data:image/png;base64,iVBORw0KGgoAAAANSUhEUgAAABAAAAAQCAYAAAAf8/9hAAAABGdBTUEAAK/INwWK6QAAABl0RVh0U29mdHdhcmUAQWRvYmUgSW1hZ2VSZWFkeXHJZTwAAAJrSURBVDjLpVPNS1RxFD1vPpwPefoGG+1FZllWEkZSLYIWpiiJSEgt1VUQ/RXSMmgx4LLQRS1CgmpT2DLogz5khoTRwKaiMckZmtHnPN97v4/u+80M5SJc+OBwNr9z7rn33atJKbGXL7Tbg4WFhVnG2LjneSFiECu4ruvzQ+1/CTKZTDMJ7hmGcS0SicMhEYSAek2aRMLA/PzzvwmKmf4BycU0ISh4uLGFN7YFtEAIqxyOG0YhehMeDAgpyEiCk5njOFWDYro/KIW4Gk2c7w6Gk5AeU+CuDfv3EsrBS0h/WiGRpBBCYXBoWLWhDKhqO2E8HOsAK39AINoLzovYLn1GpfEyNitn0H0KqrqsVfdbVwkKH/saSHw9YpzWgSCEvUajdVD6/gIiOQHRPAhh/UIm/Z4qc1Wdcw5z5Eo1geC8VzJxI6J3QTKbPEzQeKkSmVXykJszaCqVcKE9Bit2EV4ooVLI2gwCJJ6OtpzbZxeXUCksQ4scU3/XMAcQd3KI21nECs/gch1Mi2Fdz2GmlAKNspaA8bmt/JuXxB4hLNnrSaNjLMm2S3ArBVjyMFbN22ChVjWDmeW72NpkKoVvsGMPvj7taZKM/4w2nYxXymuQ5ji2jT78yK+ryELKGgOH2k08uD+7cxOFxx83xA/Ev61xnBiew8YWh71hQXB/6nUDWWVZbSFQF3951D0sPNZpF3Nji87ou1dv07AsC7quIxqL0AZqyojXUvjJ/ZUO/VM9Txg9Prmy2AU8SaVSI9ls9pZpmmePdB5Fa/KgEtRb3t+WhH8b2m7XODU1NUTCO4Se+jH57IP2YUnb6zn/Ad9Qrbi4Y2W9AAAAAElFTkSuQmCC",2001
Lenovo,34,"Cras non velit nec nisi vulputate nonummy. Maecenas tincidunt lacus at velit. Vivamus vel nulla eget eros elementum pellentesque. Quisque porta volutpat erat. Quisque erat eros, viverra eget, congue eget, semper rutrum, nulla. Nunc purus.",IDR,Male,"data:image/png;base64,iVBORw0KGgoAAAANSUhEUgAAABAAAAAQCAYAAAAf8/9hAAAABGdBTUEAAK/INwWK6QAAABl0RVh0U29mdHdhcmUAQWRvYmUgSW1hZ2VSZWFkeXHJZTwAAAJzSURBVBgZBcFdaJVlAADg532/75zN/XSstrM1YVBUpEmtycigG4sQu7FBl0VE5GUdooiuRj/3RRdddBNE94FgFkJqehPBQLLInEMHbXZmDvd7vr/z9Twhe8v+5rQFqQ6AiAiACAAoseqLfMXHaXPagseOdUwcIWkQU0IgBkIkBmJAQkBAXbH6W6f5w2mpVMfEEbKEyTkSdP/kziIxkkREEoRIXTMyRnuW9ulOCpIGcZBn5gHzFDtcP8fSGaptBOoagY3bDD5In6iPkLK7xu/fs3yZnXUawxx6hRNfMnUUECgKegVlTk4qIgZ217j6HTGQRsZmmHmN1jTPvsvi1yydIyvJM4qKHlFExOQcr37LC5/y6Ek2l/n5Q1Z+AWZPMTFDltErKUpyUn1ICGgMM36Q8YMcmufyZy7dLHT/uW47GzDQeFNr9g3HL7wuFhU9UhEBd69w9h3ah3linuFxl8ZO2SyGPD01Im0kuvdyG1uZi49/4FjvJ3KiiBipI3tdVs5z/iNuXXB7e8AjE0M2smBts1KGxIH2qG7rSfKKnFQfAknN0fdpjLBykcVvbLc+0Ww2lFmpX5OVtcE0UdYpZUVOCmLN+GGm5oC65OpZQ+2GvKgUFWW/BnVgd2eHsiYnAoG9dYpdYP0GWebA3jVbe5XRfamhwdR9Qw1rdwv1f9esbt2jJJWjLlHx43s0WqxcISs99cdXljZPuvHQi/o1Wzs9xb9/eX68a3WzqWi1hPptn3v5REd7jhJVQVFRVBQVeUVRUVZU3NrccmffoAcenvH3r2fKkB23vzlpwaSOPkr0kCNHDyVylMi5ef+o5edeKqu6n/4PaywNA5LOKLcAAAAASUVORK5CYII=",2007
Toshiba,51,"Mauris enim leo, rhoncus sed, vestibulum sit amet, cursus id, turpis. Integer aliquet, massa id lobortis convallis, tortor risus dapibus augue, vel accumsan tellus nisi eu orci. Mauris lacinia sapien quis libero. Nullam sit amet turpis elementum ligula vehicula consequat. Morbi a ipsum. Integer a nibh. In quis justo. Maecenas rhoncus aliquam lacus.",PHP,Male,"data:image/png;base64,iVBORw0KGgoAAAANSUhEUgAAABAAAAAQCAYAAAAf8/9hAAAABGdBTUEAAK/INwWK6QAAABl0RVh0U29mdHdhcmUAQWRvYmUgSW1hZ2VSZWFkeXHJZTwAAAKXSURBVBgZBcFNiJR1HADg5//Ou767jblWM9qOyWZSXlqCNMpYWbKo3VMEhYJKEn1Rlzx0CSmIIq20o5fCQ3QSskOXCPqEuhQWXkLsg3V3xtVN23LW2Z1531/PkyICAAAAAAAAAOSw//CpY+Ug7buyXA5fWwEAQAUAjBSsG3Hy0/f2HMqhrNL+t17Y3tzQbKaUcoFABZIIIqhAKAernnnzi4M4lMOVa2XRbDTTS8c/1tq8XlGrlFGQjcoSWSLLklqWzP521tuHXtQvU4IcllfIstydW2939wOTallNREnKSUmWkpQyWZYZqmWqCoAcoEJRDBseWUsEAAAACIEAOUCF/mpPv3edlERUqihVVSYhItRSabC6LKICkANEcHmp7e9LS/rVQBWlf1cWrJa3SYANxVXXu0tEBiAHiODiwg2GLvSACKIpogfgqhEXLgQAyKFCBFltDRVl+4zG6h9aG27x+9wlvc0PS8OjivOfmdnS8MnJE26OKKampuo5QARRlRZ//dy9t4Y9Bw/odru2zs356ofv9a2x76nHFUO5TqdjzdDPw1/+te6NHKKqJLTPfmPHlhvt2n3AK4eP+O/iea2xMRMTEzqdeR8ce1+73XHf/Ts9snvK7Ozs8xkkEB7afpfGTevBa6+/o98f2Lt3r8nJSTMzM6anp/UHA08/+zIYHR0tclg3ki1Vg97oHZuafjnzEzj14RFVWTp69Kh6vQ663a6qCh+dOG76sUfNz8/3UkR48tVT7w6qtHPpn4V71l79sb7rwR2ptWmT+nCeFhYWnDt3TlEUxsfHbdy40XJvEJ323Op33379Z4oIANu2bauNjY1N1Ov1061Wq1kURQ3Z4uLic5hvNBqnMbSyslK22+3L3W73if8BE1ob/QNlaFEAAAAASUVORK5CYII=",1983
HP,81,"Proin eu mi. Nulla ac enim. In tempor, turpis nec euismod scelerisque, quam turpis adipiscing lorem, vitae mattis nibh ligula nec sem. Duis aliquam convallis nunc. Proin at turpis a pede posuere nonummy. Integer non velit.",CNY,,,2006
Dell,63,Etiam justo. Etiam pretium iaculis justo. In hac habitasse platea dictumst. Etiam faucibus cursus urna. Ut tellus. Nulla ut erat id mauris vulputate elementum. Nullam varius.,TTD,Male,"data:image/png;base64,iVBORw0KGgoAAAANSUhEUgAAABAAAAAQCAYAAAAf8/9hAAAABGdBTUEAAK/INwWK6QAAABl0RVh0U29mdHdhcmUAQWRvYmUgSW1hZ2VSZWFkeXHJZTwAAAH+SURBVBgZBcE9i11VGAbQtc/sO0OCkqhghEREAwpWAWUg8aMVf4KFaJEqQtAipTZWViKiCGOh2Ap2gmJhlSIWFsFOxUK0EsUM3pl79n4f12qHb3z3Fh7D83gC95GOJsDe0ixLk5Qq/+xv/Lw9Xd+78/HLX3Y8fXTr2nWapy4eCFKxG7Fby97SnDlYtMbxthyfzHO//nl85fNvfvnk8MbX5xa8IHx1518Vkrj54Q+qQms2vVmWZjdiu5ZR2rT01166/NCZg/2PFjwSVMU6yjoC1oq+x6Y3VbHdlXWExPd379nf7Nmejv2Os6OC2O4KLK0RNn3RNCdr2Z5GJSpU4o+/TkhaJ30mEk5HwNuvX7Hpi76wzvjvtIwqVUSkyjqmpHS0mki8+9mPWmuWxqYvGkbFGCUAOH/+QevYI9GFSqmaHr5wkUYTAlGhqiRRiaqiNes6SOkwJwnQEqBRRRJEgkRLJGVdm6R0GLMQENE0EkmkSkQSVVMqopyuIaUTs0J455VLAAAAAODW0U/GiKT0pTWziEj44PZ1AAAAcPPqkTmH3QiJrlEVDXDt0qsAAAAAapa5BqUnyaw0Am7//gUAAAB49tEXzTmtM5KkV/y2G/X4M5fPao03n/sUAAAAwIX7y5yBv9vhjW/fT/IkuSp5gJKElKRISYoUiSRIyD1tufs/IXxui20QsKIAAAAASUVORK5CYII=",2002
HP,68,"Nullam orci pede, venenatis non, sodales sed, tincidunt eu, felis.",EUR,Female,"data:image/png;base64,iVBORw0KGgoAAAANSUhEUgAAABAAAAAQCAYAAAAf8/9hAAAABGdBTUEAAK/INwWK6QAAABl0RVh0U29mdHdhcmUAQWRvYmUgSW1hZ2VSZWFkeXHJZTwAAAIvSURBVDjLjZPLaxNRFIeriP+AO7Gg7nRXqo1ogoKCK0Fbig8QuxKhPop04SYLNYqlKpEmQlDBRRcFFWlBqqJYLVpbq6ktaRo0aWmamUxmJpN5ZvKoP++9mmlqWuzAt7jc+X2Hcy6nDkAdhXxbCI2Epv+wlbDeyVUJGm3bzpVKpcVyuYyVIPcIBAL3qiXVgiYaNgwDpmk6qKoKRVEgCAKT8DyPYDDoSCrhdYHrO9qzkdOQvp+E+O04hC+tED63gBs+QiDnhQgTWJYFWiQUCv2RUEH/g4YNXwdcT/VEJ6xkF8zEDRixq1CnriD94SikH08gikJNS2wmVLDwybONH3GbNt8DY+YMrDk/tGkvhOFmKPE+pxVJkpDJZMBx3JJAHN+/MTPq8amxdtj8fWjhwzB+diH5ag9y8V6QubDhUYmmaWwesiwvCYRRtyv9ca9oc37kk3egTbbBiPowP+iGOHGT0A1h7BrS43ehiXHous5EjoCEx3IzF6FMnYMcPgs95iOCW1DDXqTfnEBqsBnRR9shTvYibyhsiBRHwL13dabe7r797uHOx3Kkm1T2IDfhhTRyAfMDh5Aauox8Ns5aKRQKDNrSsiHSZ6SHoq1i9nkDuNfHkHi2D9loHwtSisUig4ZXFaSG2pB8cZBUPY+ila0JV1Mj8F/a3DHbfwDq3Mtlb12R/EuNoKN10ylLmv612h6swKIj+CvZRQZk0ou1hMm/OtveKkE9laxhnSvQ1a//DV9axd5NSHlCAAAAAElFTkSuQmCC",1986
Acer,43,"Nulla ut erat id mauris vulputate elementum. Nullam varius. Nulla facilisi. Cras non velit nec nisi vulputate nonummy. Maecenas tincidunt lacus at velit. Vivamus vel nulla eget eros elementum pellentesque. Quisque porta volutpat erat. Quisque erat eros, viverra eget, congue eget, semper rutrum, nulla. Nunc purus. Phasellus in felis.",IDR,Female,,1999
HP,62,Proin eu mi.,USD,Female,"data:image/png;base64,iVBORw0KGgoAAAANSUhEUgAAABAAAAAQCAYAAAAf8/9hAAAABGdBTUEAAK/INwWK6QAAABl0RVh0U29mdHdhcmUAQWRvYmUgSW1hZ2VSZWFkeXHJZTwAAAKrSURBVBgZBcFLiJZlGADQ87zfP/Or4wyjeWkgMSvH0lqYSUg3CSIoISoKokVtgsjaBG0jXES1CwJpFRgF0Y2ScKNBmoVWJpQhUlaWVuo4Nphz+7736ZzITPe8uP/JhSP9x0vYhAUIEMggq7bWXy5O5L6YmnzhwM5tcwCRme57+eCBt5/bdEMpMZo0EoBMSOcuzXv324v+PjV7+acfjy/9cue2WehBaWLdYK8ZPXZWUyIIstJl1bZper6zde2wW8d7DtVzi7JeP3nXs58t+eKN+2cLRMTizGwGm2Kg0AuaQhNEUASqsZFB2zaPufq6/sLeyNBbUCAJKChBiVAilAglQmnCXxemrV48b/3S8NSWKzQDzSPQA8ik1xBCRqhdUkKvYTCLnyfSXG3VOueOa/qiV1ookEmiF0WJUNCUMNCEXoThmSNWXXjVUHPZgsEBqRAFFEhURFAilAglQmQYjBlD5z+0fOVNRv/do98rKjKBArUlk4pEZiKVwsD5PZas3GhkbKPBs3v1Z0/qKl0FCtSaMpMkMwHE5T85vdvwslHd1Keu3PCY/h/v6Tedrk1QoKt0SVa6SlfpalVPvW/5+APMHHF41zsWj07LMwfNnjmknWtBD2qbaqaXvp8TUg2unT/q6eFJw0tW6KZ+Javu0jfWbH3e71+9qcw/AXrQtp2uY2xkwM0riqyt8R92Gd1wt3r5kKzTNj28Tp07Y8HQCaOrtrjz2Oc97lWgna21rTXnOr4+3Zk6/omrxtZaNHxethNE47uPTqCqMycsH1/ttv6BZv+OG9dHZrrlmX0n97xy+7L/5nMoM8vEx4/a8NDrmvKbbCeRACiahev8c+yoE7t3fBCZafP2vdvb+XwwIjamXPTamh39gZyNrClrlbXKWmVNWWuqNUu2bWR3+H8rUk+Grcb3xQAAAABJRU5ErkJggg==",2005
Dell,23,Vivamus in felis eu sapien cursus vestibulum.,BAM,Male,"data:image/png;base64,iVBORw0KGgoAAAANSUhEUgAAABAAAAAQCAYAAAAf8/9hAAAABGdBTUEAAK/INwWK6QAAABl0RVh0U29mdHdhcmUAQWRvYmUgSW1hZ2VSZWFkeXHJZTwAAAD9SURBVDjLY/j//z8DJRiFEzLlgS7ZBgA1C3XtePUFRJNlQOW655dmHXz7H0SD+OXl5f9LSkr+FxQU/M/Ozv6fmpr6PyEh4X9kZOT/4ODgbKxemLD79X+KwqBvxyvKDGjb8hJuQHp6+v/ExMT/0dHR/0NCQv77+vr+d3Nz+4/XgNo1zyhzQfLch88oMiBq6j24Af7+/v89PDz+Ozo6/reysvpvZGT0X1tb+7+Kisp/OTm5lVgNSJr5gDIvRE+9R74Bng03rmXNf/jfo+HGVRDfxMTkv66u7n81NbX/8vLy/yUlJf8LCwvjjgX18NOartXXToNosr1AqmYMA8jBAE8T0gwxA4F9AAAAAElFTkSuQmCC",2012
Samsung,90,"Integer ac leo. Pellentesque ultrices mattis odio. Donec vitae nisi. Nam ultrices, libero non mattis pulvinar, nulla pede ullamcorper augue, a suscipit nulla elit ac nulla. Sed vel enim sit amet nunc viverra dapibus. Nulla suscipit ligula in lacus. Curabitur at ipsum ac tellus semper interdum. Mauris ullamcorper purus sit amet nulla.",MGA,Male,"data:image/png;base64,iVBORw0KGgoAAAANSUhEUgAAABAAAAAQCAYAAAAf8/9hAAAABGdBTUEAAK/INwWK6QAAABl0RVh0U29mdHdhcmUAQWRvYmUgSW1hZ2VSZWFkeXHJZTwAAALJSURBVDjLpVNbS1RRFP72nHGaUedmpamj5pgKSUli0eXJfOipoELs+hA+FFT44oMSRBkZ1GNC/oAoCJ+C8QaSZhdCTEU0rbyP05jTzOTczv20zkz6IBFBBxZrs9f+vv3t76zFNE3D/3zGjYXa01OuKUqtJstZqizPUnSb6+vDem29o8OpiuIFimZFEOZUQXiY09rq0WtMV6B2d98k8F2YTU4YOKjRCKTw+qQqSZcJFKPoTMty7Nu2pwRKJILY2DjiPv9TIrvGlK6uk5osvjSUl4ERGJIEmEyQlpeRmJpeUkQxaikp3mt2u4FwEPoFcDgR6u1FaHzivpGk3uDy88DiccDnBxQVkGWkFReAO3SgUONFcGYLMDxC71RTF1jTYTt2FIEPw1eMJLOCs9mAuXkqyoBGhxQF+PQFBjvtcwyY+aq7BIhyKgeCYCUqFJ636QSmJIAXAEFIEYhSimTFl1STvFkPjfYEqqmUJRFkpmokg9bJ+Z1MpgKfIICSAutAZcs6mSmMBvLCADLRYCCWfnlmBnDlAbEokCASnqcbhFQW+VRO7lPQX0CpG4GB17qCZyzc3u4mFf2WItdu864cYHIKWAv+bg5lU4V3bYxiFLHQd3CZNqT9zIynx7PLuAceTyg2OPiK9/kPqqEfeWmV+8HSqb8WvSkwue5dHUXIHkbFmQaUXmxETrYVIX6FC0YmFtlGK39rabHTm5pIVqOzqtJqzc8F3r2nNoxiaLkT1Q1NsMwOkLFvALsDAWMRPvYNzbOtszDf0FBNRI8dxYWHd9TWJE3rbzuF449egFWd3jwXvpOLkaGAxv40TJ/r6hxEco+8ue4syGVTC88TR85fsmQseSAk/KCWQ2Sdw/QsVtjfpnGipuYs9Ykr4pp3mqwZtwq2y0ajwYvImoyFVU6ReO02+9dxfnuusDkW9F3lFFakcNoKoZ6c6JPbfgHHGqU/+iLy1wAAAABJRU5ErkJggg==",1993
Acer,8,"Lorem ipsum dolor sit amet, consectetuer adipiscing elit. Proin risus. Praesent lectus. Vestibulum quam sapien, varius ut, blandit non, interdum in, ante.",CZK,Female,"data:image/png;base64,iVBORw0KGgoAAAANSUhEUgAAABAAAAAQCAYAAAAf8/9hAAAABGdBTUEAAK/INwWK6QAAABl0RVh0U29mdHdhcmUAQWRvYmUgSW1hZ2VSZWFkeXHJZTwAAAJKSURBVDjLjZNLSNVBFIe/+d97LdTCK2ki3qJLBipE9KBWtZAkW4ebFkEF7nLZroWQBBVGbgpa9FhJ65BCIUGxl9EmwSJLKzMl8IF2//M4p8W16zVbeJjhzGLmO7/fmRmjqoyPj6uIICKEEAgh4L0v5OLpnCvktrY2kwQIIVBbW8f84iKoQn6AKgqoamGNKul0BX19TwAoAOYXFrh0e5jNxPX2I1hr1wDe+9WSUJfZRXlpCZmqMrZuSZJzivOCCxAUXrx6h4oSxzEAEYBzLi8TMMawkvPMzOdYiQOq4INivRD7/B5V1itwziF/9RmDMYalFY9oTEVZimQyQSSKrgJEZSNAJY8wRZDfNmCdUFZaQiIREZl8DZU1QMECRRaMMXkIoMawEgfmpJ1pdxYTeeRfC9ZaokQEwOSXz//tfFVTzO7qBhb3XkWixxsBJakk1y4eIAQllUpxZ/Q8Kg4rHus9tZX1NNQcZSm3zOX+FhrdmbxiVaW3t/emc+5E0SurHNv+cM/JpnMEFYIEBGVm4RvpsmpGJvoZnRrUnLdp8/f6iqO7u7vjffrRrdP7LzD56yNOPF4cLjiiqITqbXUMTTzl5eehkCw+2NPTU+Wcm62v38fozxw+eHZu34WXQFDhx8IUleU1vP06zPCnoTnraVkHiOP4cCaTobX1FPfvdfBg5AZWLDlvye5o5Fi2hdeTQwx8eDZjPc3TXTq2wUJnZ+cb59yhf3/hYPVdDu4+zvMPA9+t0DzdpeOFJm4mslfMcpBE6W8J2dkuLdz1H8DrioJLLPMsAAAAAElFTkSuQmCC",2009
Samsung,65,"Maecenas leo odio, condimentum id, luctus nec, molestie sed, justo. Pellentesque viverra pede ac diam. Cras pellentesque volutpat dui. Maecenas tristique, est et tempus semper, est quam pharetra magna, ac consequat metus sapien ut nunc. Vestibulum ante ipsum primis in faucibus orci luctus et ultrices posuere cubilia Curae; Mauris viverra diam vitae quam. Suspendisse potenti.",VND,Male,"data:image/png;base64,iVBORw0KGgoAAAANSUhEUgAAABAAAAAQCAYAAAAf8/9hAAAABGdBTUEAAK/INwWK6QAAABl0RVh0U29mdHdhcmUAQWRvYmUgSW1hZ2VSZWFkeXHJZTwAAAEPSURBVDjLxZM7TsNQFERPrIielg5FFNkVy6FhN6wiG4hC5AoJVkAR+84MhWM75FNRcKWRXnPP3N9bJOEv0fDHWAK8vn1NZSghAgUsIwcpWFAlXp4fFxcAgIf7O5LgQBxskI0NPkLaz7pegRLsIdnOiUDyAHDoe90AiDnhzHVMtkJVbgDKlK67WkEG23QV9vt9bGOb9Xq9WAJUeXY7c53eBvVitXoiCdvtdq6gaoBccx3bsUMJJNE0DbZnQNcLaXnV1TpCEuR5iJJmQF/m/eObOvY/DNXT/pUQmwDj5Y4VkORCbdtGUrqum3Q4HCZVVTabTZLMh3QakkhC09y+9F8tnIdtdrsd47puCWDx77/xB7F6hU6PdBGYAAAAAElFTkSuQmCC",2007
Toshiba,73,"Vestibulum ante ipsum primis in faucibus orci luctus et ultrices posuere cubilia Curae; Nulla dapibus dolor vel est. Donec odio justo, sollicitudin ut, suscipit a, feugiat et, eros. Vestibulum ac est lacinia nisi venenatis tristique. Fusce congue, diam id ornare imperdiet, sapien urna pretium nisl, ut volutpat sapien arcu sed augue. Aliquam erat volutpat. In congue. Etiam justo.",PKR,Female,"data:image/png;base64,iVBORw0KGgoAAAANSUhEUgAAABAAAAAQCAYAAAAf8/9hAAAABGdBTUEAAK/INwWK6QAAABl0RVh0U29mdHdhcmUAQWRvYmUgSW1hZ2VSZWFkeXHJZTwAAAI7SURBVDjLpVPPaxNBGH2bbGq0pgYTsE0a05pWg0Wov9BLDlaloCfFQ/BQ8FQUvHgKCNKTV/Gi+B9UL6KgQiWNxUTwZCzBSFKjwTQ1TWxpkv2R3ZldZzaagL20dODxvpnded/3zZsRTNPEToYNOxzivyCXy03ruv6AocWGrKpqQ1GUKkNaluVVxhuM8wxvY7EY2STAfnjINoIhFolEnmy7gmaz6WBZ3zChp9tpQVgokJ+MB6V8AkwA7qOToNQAsUChEwqiU2iMdZ3PicVaOy5xAfOA2Ogocle4MQaHYVpzypjHfI0ahhUzfSxk17oujPhcKK1KGPX3oVhpIBzoQ6Fcx9iQG/nSBsZH9iNbXMfpI15rjVeoaQRCYkljFTRRqkqWMv/AMxKepdOK2eHxkAcnDnsw/2kF8cUqbIS0S5o4PoALJ32sVwOXzwbQ0iiuRoagagaunw+h7/Msjj2/hvrtQaSmQqCJR9Z5CK8zkulzKvi+UgchPHM3K69AZ+zJPMPoehzhc1ewa3gMyuIcviTjeN9zEcKLdN30O1Wrx9n5AqIThzZZ9eFGGKeiN7H72ztgOQnsc6MmBpFMLkHUdALiMPDxaw3BfhdSmYp1woZhtJm54CgX4ewfBi7d6V6gmQG4mr8htjRSy0qm9z9/2/HfO3Bmrxdy+hV6X95CS/kFmQk06nZIezyGsJXXmIz6Z3pcvXcDHiKKthIaVYIfFTvVVfOesNXnnIoejElr5Wk7FYLUbi6zXY8n58j9P8T+gmJP+OvyAAAAAElFTkSuQmCC",1992
Samsung,38,"Praesent blandit lacinia erat. Vestibulum sed magna at nunc commodo placerat. Praesent blandit. Nam nulla. Integer pede justo, lacinia eget, tincidunt eget, tempus vel, pede. Morbi porttitor lorem id ligula. Suspendisse ornare consequat lectus. In est risus, auctor sed, tristique in, tempus sit amet, sem. Fusce consequat.",EUR,Male,"data:image/png;base64,iVBORw0KGgoAAAANSUhEUgAAABAAAAAQCAYAAAAf8/9hAAAABGdBTUEAAK/INwWK6QAAABl0RVh0U29mdHdhcmUAQWRvYmUgSW1hZ2VSZWFkeXHJZTwAAAGsSURBVDjLpZIxixNRFIW/kVHQQlwEQdgUdkkgTX6BkMIi/yJY5geE/ISAZIuUSb9lgnYWNsraaOkkTSSz6MLWJhmY9+7ZIm8mCUYLvfDg8d49h3POvZEk/qdigMFgkEqqSEp6vV79b4But/shz/OXzrlkMpnU4/BeabfbzGaz2pt3NzIJAd4DAplhAm+w3W7pdDqMRqNaqcB7/3U6nTbjR095fnYfGQiQCRPogOT2yTnD4RDn3CeAqMhg8Panzs8e7AAGkpDApJLITJiJ5U3GoPMiKhUQ5HoDJMwCsLjbMUnu7ThEAHnbNQrMDBkBYCWwIHTuBIEzMC8sNO2ai7vtlQjM6XcCc4Y3lT514FnBUqHEnSJwDry30v8xyV6RBM5OWfAe7+OQegAqjPIgQEl4f1LB7qOUa2DB++E4FbIqKpJEq9VK8zyvPHz8jFedi6PED6VL4vLiNd+Tz3jvkyzL6vcAsiyr9Pt9bn8sWVyvWVxvmKdrFqtfzNM189WGZLUmSTcsv10xHo9xztV285doNptfGo2GVavVK4UF+tOJ4/h9FEUCPkrar/K/1h35Nbw8S+DdbwAAAABJRU5ErkJggg==",1999
Toshiba,88,"Vivamus vel nulla eget eros elementum pellentesque. Quisque porta volutpat erat. Quisque erat eros, viverra eget, congue eget, semper rutrum, nulla. Nunc purus. Phasellus in felis. Donec semper sapien a libero. Nam dui. Proin leo odio, porttitor id, consequat in, consequat ut, nulla. Sed accumsan felis.",THB,Female,"data:image/png;base64,iVBORw0KGgoAAAANSUhEUgAAABAAAAAQCAYAAAAf8/9hAAAABGdBTUEAAK/INwWK6QAAABl0RVh0U29mdHdhcmUAQWRvYmUgSW1hZ2VSZWFkeXHJZTwAAALcSURBVDjLbZNrSFNxGIcPCJNBIAQRISRGYQWF0g27OJgQVmQFmpViZHhLaiaGeCtTQ1OW09QtS83NiR2XF0bZZZjKXNYq8kMUBX7qU30JIsM68+ldUpH64eXA4f/83ud9z/krgPJfjbVFSZkZsb5grEXDY9F4WP+C4Stm+i9GLTy/EC4QcIZnvTA1JOWG14Mw4YDRFnBdmEHNL1gcMNamY/TGMJPd8Molh61wvxbpCoPl0F8EQxdh5BoMlMDN1GGsybp/ASNWC88EDgY8rNcENIqu/m8nZ54ee6aRjnQNl4Q5csGy3zwfMNKyiSdNGpM90rFGY7AigoHSZaJbLbo+unN92DOqsR1fxo2kCK4f1FBlijqDRu3OjQqPzRa8HaJnCeoaGSgKp69gmntV0JsPPWfkeR5sh6dp2hdOvdEoIXArDapjzIrovsPXPT+bq1Avun24LyO6Km3HDDQfNoiuiiNLusb1URerp3ILYgYlUW8U0Z3FJ1tW84MvQ0R3BkcOomvw+/2JXq93o+gaiuyxZHbGQMXmEErXg/OsBKz5oojuLN52WUxmcLt6bClB3U/0mnYL/NPj8fygNSnhXHtM4LL7BCk2gUvWzo9WFvlVke1+4O4FRHdGdHWiGxfcrsm5B1N3LLn2bWS0R8+VDSSj+hsp7DtEQsNK5mq3BgNkBNtxk+hmyWLC/nw26bw8z7GDwVet3H3Z/Bvs9VuweArpelpHjnMv22tCtUBZ5FFl0a8sJdqtp2XeIHztkYmrD/K4cj+LCvcpKu9lYxuvIu32btZdUmaXgqPdbncg9eYG7jy34Jw00+Wro2OiVkLOYB2vJMuZQGS58ja8WNEvChDYo6rq9yPWNXP7GsMD8Q0rArvqw+bSO3fSOlZBhmMvEeXK1KpiJXTRZRL4gMAf7XZ72cLgzVW6bye74llbEvpeYN2St1HgNoETl9qLKH9eXRrC6ZyMg9nZ2SF/3v8CIIKyHGFPw/kAAAAASUVORK5CYII=",1997
Acer,77,"Vestibulum ante ipsum primis in faucibus orci luctus et ultrices posuere cubilia Curae; Donec pharetra, magna vestibulum aliquet ultrices, erat tortor sollicitudin mi, sit amet lobortis sapien sapien non mi. Integer ac neque. Duis bibendum. Morbi non quam nec dui luctus rutrum. Nulla tellus. In sagittis dui vel nisl.",ALL,,"data:image/png;base64,iVBORw0KGgoAAAANSUhEUgAAABAAAAAQCAYAAAAf8/9hAAAABGdBTUEAAK/INwWK6QAAABl0RVh0U29mdHdhcmUAQWRvYmUgSW1hZ2VSZWFkeXHJZTwAAAKoSURBVDjLnZPdS5NhGMYVRIjwnyiKPojSTiKCCP+EDoqyA0H6OrAI3VjOVso2STTLQUmUI/REVzbQXNqqvVu6LSvbJ+7L3k3Wmpturj37dFfP88aGlEc+cPOe3Nd1/e4L3ioAVTsdjuMadyScn5+v1ev1Uq1WG9l2weVy1TkcDsXi4uKCxWLR0qRTW1Lrp+nTaDRptVr9v9jpdO6i4oVQKIRUKoVIJAKr1QqdTvd2dnZ2gKYGPB4PTCYT+vr6Rv9NrrXb7XM8z4O9UqmE8nO73RgbG0tTAgwODsaVSmWrVCrdXRZW04XLNpstFAgEUCgUsLm5KRiwSSQSSKfTCIfDUKlUUCgUTSKRqJZpGXI1nVfBYFBAZgKGzZbz+TwYjc+mRcjSiXxmHTMzM5DL5e1l6ipa1N0ychmbEfj9flAyrAR94E23EPeO45dTDXa/TCabrhiYzWYTQyzjMvRisQhCiHD38pdnWHWPoPDbh6XJJny3TEEikegrBgaDIZrL5SpChp3NZpHJZBALu+DWXkB2dRLZcD/W/FPQPTlXui2+2VgxME5MRFkawy4LWWGpjQ0sm3oQW9IgG+oC13Mc+bgG3543lr4+PXO2YmAdGuJYByxdENIik8kkIl4DlvUdyEVfgPiawSnrkeHFSATewKo66bI8PFEnGHjFouF0by/yRqOAv0GTk4k1uF9fwTotLvOjDWnP+b/jvURPGQBveIRP9xvuCAZ8S0uN70brHOnuEkpjhfKfR8Fz/chFHgvpae9FekKD8CWB6yA/teC6j/wy3Dt8SLgj0NxcY792dVgrFnOj7W1x7sHpIon5kVvTIxulHUTHt8xLFFIOrJhH8L5j//i2PxPFi5mUx4hRfpTQJEKTyEfZQfKh8wChIqKX7CN68V7yTrTH+Aes5yJtFoFr+wAAAABJRU5ErkJggg==",2009
Toshiba,49,"Proin risus. Praesent lectus. Vestibulum quam sapien, varius ut, blandit non, interdum in, ante. Vestibulum ante ipsum primis in faucibus orci luctus et ultrices posuere cubilia Curae; Duis faucibus accumsan odio. Curabitur convallis. Duis consequat dui nec nisi volutpat eleifend. Donec ut dolor. Morbi vel lectus in quam fringilla rhoncus.",SEK,,"data:image/png;base64,iVBORw0KGgoAAAANSUhEUgAAABAAAAAQCAYAAAAf8/9hAAAABGdBTUEAAK/INwWK6QAAABl0RVh0U29mdHdhcmUAQWRvYmUgSW1hZ2VSZWFkeXHJZTwAAAHXSURBVDjLzZNNi9pQFIbzA+YXDP0zLV3Nb3E9a3d1JQh+g7oQLaKCimL8QGKiMdF0OjUTjB+N0fi9Ghim7aa8vScwglBKabvohZfccM95zntObjgA3N+I+2cARVGuJEnydNjief5LpVLpFAoFTyaTufotgCiKtw8POizrMzaOjfnMhCz3kUgkbn8JkGX5utvtelut1telNYf+ScPHDzL0+yEW8wnC4fCT3+/3+Hy+nzrhBEHwTiYTvCRrQwma2sVIFXCnDaAqA7TbbdRqtcdSqZTIZrOvLwCNRsNY2RbGrKI2FN1kddCB3OtAFAU4joPT6YTj8cjas5DP58epVOrtGcCGZVD1+zuFJYusYh/9noQe03a7xW63w3q9drXf77FYLPCerTOA7b00LMMYYzRS3YDD4eCKksmBbdtYLpfuk5zkcrnvyWSyFAwG33DMzjUblJcNymDtfKMAqkbBlEwu6J0AJNoT3DRNRKPR6sVE2RUwCUCJq9XKDd5sNmfAixOaBbUTj8efLwD1ev3dbDZzDymR9tQSuSAgfa3pdOqe6boO1gJ/AWA371W1Wg00m801gznlcpkvFoutdDp9CoVCx1gsJjFpkUjkORAI8KztG+7/+Zn+VD8AV2IaSQGFiWoAAAAASUVORK5CYII=",2000
Toshiba,49,"Vestibulum ante ipsum primis in faucibus orci luctus et ultrices posuere cubilia Curae; Duis faucibus accumsan odio. Curabitur convallis. Duis consequat dui nec nisi volutpat eleifend. Donec ut dolor. Morbi vel lectus in quam fringilla rhoncus. Mauris enim leo, rhoncus sed, vestibulum sit amet, cursus id, turpis. Integer aliquet, massa id lobortis convallis, tortor risus dapibus augue, vel accumsan tellus nisi eu orci. Mauris lacinia sapien quis libero. Nullam sit amet turpis elementum ligula vehicula consequat.",CNY,Female,"data:image/png;base64,iVBORw0KGgoAAAANSUhEUgAAABAAAAAQCAYAAAAf8/9hAAAABGdBTUEAAK/INwWK6QAAABl0RVh0U29mdHdhcmUAQWRvYmUgSW1hZ2VSZWFkeXHJZTwAAAIzSURBVDjLhZNbbtpQEIazgaygG4nUjXRH3QAySvvSKokEgeaBSBGFXJqAQkMxYCA03EJMzcWxCb6AAYP9d46BhqRURfqw5Zn5z5y5bAHYWufd++hbwkdkCYUYEBXCz2yv/dcDtwmOsL/yIkotHU11irY5g9QfIp5tgdmWPtsvBJbB0YOLCuaOC0kHjtIGvhQMfO9PMSYnh2A25sN8VyIrAY4ZNBvezyTvvUsNn66fIGgOXPpGD+jOwr4U4TwBetkhHLFvYy+loqounE74MfxnKupDeBn06M+k55ThukzAYbHe6TG630lBx8dLBbsXCooSUOsBqapJ15mgPwFkEtAplcEcMIjYoiYcE8gLoobPyUcSkOH/JiOS1XGYqDOHLiOcbMCkoDZlU30ChPYcgqgze54JqLfSiE6WsUvBH0jkpmEyY4d4s6RT6U0QoaKGMppHUbKYj/pHwH8ugzvtwXfaRfr+b4HiLwshXsf+zYDoo7AmkM8/DMCdd73gIKlXVRcs7dUVDhMNJBssgyGOSxai5RFyzecreEW8vh9DkIGWBTQMQgMqjxOUOhOkmjOEciPs02wEMiYSJLZeRK+NNrVGph7dDQC+C1yJQLw+x/HtFOG8hQBv4eCHiSBvkrD93Mb1QVKoXYICJCg4VnMRKc8QFsYIZhfBAd5AWrRfDtLrUZYMFznKIF6bI1JcnH4k0C7cWfgp25tHedMyZR90lLtTrwYZKgj79s9l+s86K8t336Z1/g2YLh6PHfCmogAAAABJRU5ErkJggg==",1995
Toshiba,18,"Donec ut mauris eget massa tempor convallis. Nulla neque libero, convallis eget, eleifend luctus, ultricies eu, nibh.",IDR,Female,,1991
HP,67,Pellentesque ultrices mattis odio.,IDR,Male,,2001
Samsung,63,"Proin leo odio, porttitor id, consequat in, consequat ut, nulla. Sed accumsan felis. Ut at dolor quis odio consequat varius. Integer ac leo. Pellentesque ultrices mattis odio. Donec vitae nisi. Nam ultrices, libero non mattis pulvinar, nulla pede ullamcorper augue, a suscipit nulla elit ac nulla.",CLP,,"data:image/png;base64,iVBORw0KGgoAAAANSUhEUgAAABAAAAAQCAYAAAAf8/9hAAAABGdBTUEAAK/INwWK6QAAABl0RVh0U29mdHdhcmUAQWRvYmUgSW1hZ2VSZWFkeXHJZTwAAAFhSURBVDjLpZMxbtZAEIW/N/bP7w4aSiQuQEODEFdIAVI6KFJwgeQenAEBFQVU1CBOkAsgroDSRMof77wUa68tK5GQstqVd1fz3rw345Vt7jN6gM8/zj9k6u3lIYer8ZaoTY5dD8OOj+9fPz/tAdJ6d/TqyeNhGCR1eMIkAMIGez6bMl7z/eefE6ASXF7lfr8f9OX3P0oxY2b9lmQspkznkibTnB0/paQEEACHESI6hKhTTa7mrepegsxNDWhyadAaLIQJCQssiAA3kxuCBpKRRMhkCBlCVW8a1p1rBPYCXjKKTrNRkOvCuougkkTULA4tHRQ4IVb1aQSeCJbMJlZgTdlTqsRwt4LqddUFJms2YWPfpsBugRFTRWffEkojs4CnH6sRaLoNQbImEWlXZV7L3xRx2OmCvH745sUj0Ozd89wMMY4H+k5uBA96ff326+/LQ/Gz/3mcfQe74FNt7T2f8w1Fi68/h3owMgAAAABJRU5ErkJggg==",1968
Lenovo,52,Nullam molestie nibh in lectus. Pellentesque at nulla.,BRL,,"data:image/png;base64,iVBORw0KGgoAAAANSUhEUgAAABAAAAAQCAYAAAAf8/9hAAAABGdBTUEAAK/INwWK6QAAABl0RVh0U29mdHdhcmUAQWRvYmUgSW1hZ2VSZWFkeXHJZTwAAAJwSURBVDjLfVJdaJJRGH4+dXyagylpDj8rhwuRfoXqqogCL2w3u+4i2EUEw5vY7UAUuvGq6xgUgUUULDJKcFHeSA2a1cXCbWjIgmVT0f36/fae0yS3sAMv7/nO+zzP957nPYJhGOiu2NsJ43ooioVGAZqhQ9O1vdCh6iouuC7hwYtHyN55L3Q5FvQsVVGhG3/AjKjq+l7+G7Ks9lJg2idARdaQohFQU+HWJITly7RXoGp7tY7SX0AhARGHIJqsJKJiRA4hYAnBrgxBNNtgMwYJ83+B5OL3bzgqjsIBF4bkw3A6nTiunMCINYiFL585pq/A4xuz8fziu2RttYGQEcawZxgOhwNHtiT8XK7jzcfXyU+pr/FejsCmUCwWbaqqBinMiqLg+fKT21e9kVtng+c4aG1tDc8+PM2cGjqTYHVZlkH519TUVJULzM/Prw4MDEgamUciPFjrJpMJnU4HFosFtVoN6+vrjMjr7XYbjUbjJh8jHU7u7OykJUkaZC23Wi1sb2/zYD9gwh6PB4FAAKIosh+iUqm8JN6s0H1IuVxulA5eeb3eoNVqxcbGBieyOgt2ptO7yGazGuHiiUTi7j4TI5HICt3t/NLS0ixr02w2cwILJkBXZOQGYaJd8j9TGB8f3yRArl6vcwHmAcuCIHAR8mMzmUzm+o6RLQKNuVwu3rLdbsfu7i43lO0pHyPnT/cVmJmZsVEH13w+H6rVKjKZzEo+n39YKBTQbDbh9/uZ4WN9BYh8xe122+iuzOn79B2Ox+MTpVIpmk6nfzA/DgpYDrQvlcvlChEnp6ens93zVCqVjcViJ+fm5u7RG7jYy/kNO+KHFL4q4agAAAAASUVORK5CYII=",1996
Toshiba,96,In hac habitasse platea dictumst. Etiam faucibus cursus urna. Ut tellus. Nulla ut erat id mauris vulputate elementum. Nullam varius. Nulla facilisi. Cras non velit nec nisi vulputate nonummy. Maecenas tincidunt lacus at velit. Vivamus vel nulla eget eros elementum pellentesque. Quisque porta volutpat erat.,CNY,Female,"data:image/png;base64,iVBORw0KGgoAAAANSUhEUgAAABAAAAAQCAYAAAAf8/9hAAAABGdBTUEAAK/INwWK6QAAABl0RVh0U29mdHdhcmUAQWRvYmUgSW1hZ2VSZWFkeXHJZTwAAAGtSURBVDjLpZO/a5NhFIWfL1bNoFQdREMRRAo62CqIhOImWRz8A9xcNU4uFd1asEs3cXDxX+ggFkTQoZRsUrGDCDpoY4VSEoPRku+e4/B9+UUyFHqnM9zzcM77chPbHGQKHHAmumL51c9eFNkYiAAMlpAhlOkQLNw5lwwBAEonj2CMBQYsI4MHIBJ8/dUeTRA2dm4Q2MbO0+QgyUgmOmMqRGQRsZFyY1drGNIJjQIcyhYNkrDIDeoZu8A0HQNIBQqjfClb7mr1kxiUehSgVITc6+mBzs4rdZOk4wBpChHq9R+GQLP1luaf9/zda9Bq73HrUf3J66cbi31ABBET+avnRmdfudNYpThZo3LtOlOnpnm3uULt09ZCuVo6UegnMBFGKUQ4+5UQaZitnRWuXJwlCsHs2QqRdChfngO43weECZlUzrWIyJLstrY5nBzj9qUHADy8+YILp2cAigNvID5/b/c6S8JhBOz+brBZX2ejvsZ85SVLb+5SPHQU4F+yn2ssV0uLU+cnH8/N3GD6zFW+bH9g/eMaP741l5P9nnO5WloC7gHHgRbwvPasPv8fJZl0Xd9fi4EAAAAASUVORK5CYII=",1999
Acer,54,Morbi a ipsum. Integer a nibh. In quis justo. Maecenas rhoncus aliquam lacus. Morbi quis tortor id nulla ultrices aliquet.,BRL,Male,"data:image/png;base64,iVBORw0KGgoAAAANSUhEUgAAABAAAAAQCAYAAAAf8/9hAAAABGdBTUEAAK/INwWK6QAAABl0RVh0U29mdHdhcmUAQWRvYmUgSW1hZ2VSZWFkeXHJZTwAAAH+SURBVBgZBcE9i11VGAbQtc/sO0OCkqhghEREAwpWAWUg8aMVf4KFaJEqQtAipTZWViKiCGOh2Ap2gmJhlSIWFsFOxUK0EsUM3pl79n4f12qHb3z3Fh7D83gC95GOJsDe0ixLk5Qq/+xv/Lw9Xd+78/HLX3Y8fXTr2nWapy4eCFKxG7Fby97SnDlYtMbxthyfzHO//nl85fNvfvnk8MbX5xa8IHx1518Vkrj54Q+qQms2vVmWZjdiu5ZR2rT01166/NCZg/2PFjwSVMU6yjoC1oq+x6Y3VbHdlXWExPd379nf7Nmejv2Os6OC2O4KLK0RNn3RNCdr2Z5GJSpU4o+/TkhaJ30mEk5HwNuvX7Hpi76wzvjvtIwqVUSkyjqmpHS0mki8+9mPWmuWxqYvGkbFGCUAOH/+QevYI9GFSqmaHr5wkUYTAlGhqiRRiaqiNes6SOkwJwnQEqBRRRJEgkRLJGVdm6R0GLMQENE0EkmkSkQSVVMqopyuIaUTs0J455VLAAAAAODW0U/GiKT0pTWziEj44PZ1AAAAcPPqkTmH3QiJrlEVDXDt0qsAAAAAapa5BqUnyaw0Am7//gUAAAB49tEXzTmtM5KkV/y2G/X4M5fPao03n/sUAAAAwIX7y5yBv9vhjW/fT/IkuSp5gJKElKRISYoUiSRIyD1tufs/IXxui20QsKIAAAAASUVORK5CYII=",1994
Lenovo,81,"Donec semper sapien a libero. Nam dui. Proin leo odio, porttitor id, consequat in, consequat ut, nulla. Sed accumsan felis.",CNY,Female,,1995
Toshiba,85,In eleifend quam a odio. In hac habitasse platea dictumst. Maecenas ut massa quis augue luctus tincidunt.,PHP,,"data:image/png;base64,iVBORw0KGgoAAAANSUhEUgAAABAAAAAQCAYAAAAf8/9hAAAABGdBTUEAAK/INwWK6QAAABl0RVh0U29mdHdhcmUAQWRvYmUgSW1hZ2VSZWFkeXHJZTwAAAE4SURBVDjLY/j//z8DJZhh8BhQXl5+oLi4+EBubu6BtLS0A/Hx8Qrh4eEH/Pz8Dri6uh4gaABQcwBQ84eUlJT/QM0TQGJAzQ1AzQtsbGwUiPIC0GYHoOb/kZGR/4GaC/DZjDMMgM6eEBgY+N/Nze0/0GYBkg0A2iwA0uzi4vLfyMhoAskGgJwNtLnA2tr6v4GBwX8FBQUHkHjIlAcKpaueX2jZ/PKDb9fdBgwDQDZDA6wAxNfU1JwAdMF/CQmJD4KCggbJ8x5vAGpU8Gq71dCw/vl/DAOgNh8AORuo2QBo8wGg5gNAzQe4uLgOsLCwGIDUJc56eCFl3qMHZCUk+4prDWGT7l0wz7lkQLIB1kVXApyqry0wybggYJh8wUEv/qwCSQZ4t948kD734f/kWQ/+h028+2HwZCYAjxChYziQ1VwAAAAASUVORK5CYII=",1985
Samsung,9,"Morbi sem mauris, laoreet ut, rhoncus aliquet, pulvinar sed, nisl. Nunc rhoncus dui vel sem. Sed sagittis. Nam congue, risus semper porta volutpat, quam pede lobortis ligula, sit amet eleifend pede libero quis orci. Nullam molestie nibh in lectus. Pellentesque at nulla. Suspendisse potenti. Cras in purus eu magna vulputate luctus. Cum sociis natoque penatibus et magnis dis parturient montes, nascetur ridiculus mus. Vivamus vestibulum sagittis sapien.",AZN,Male,"data:image/png;base64,iVBORw0KGgoAAAANSUhEUgAAABAAAAAQCAYAAAAf8/9hAAAABGdBTUEAAK/INwWK6QAAABl0RVh0U29mdHdhcmUAQWRvYmUgSW1hZ2VSZWFkeXHJZTwAAAIvSURBVDjLjZLbi1JRFMb9N3ro8mYgPqSBCIEPoQSGYYVREkxxTLQsREkjlRG18doxZbyGF7y8HAONQUgnENEHQyFmJqEnoQf/gBDKl/na+1RDEz6cDYvF3uz1W9/+9hIBEP0f1Wr1XKlUWuRyOaTTaUSj0W8+n0+86a5o02GhUHjX7XYxGAzQ7/dRLBZhMpn2BAMSicR4e3sbyWQSFFSr1WAwGA4EA4jcMc0ulwudTodXoNPphAOCwSAPcLvdaLVayGQy0Gg0wgFer3fsdDoRDofRbDb5p6hUKuEAu90+LpfLqNfroCpisRgUCoVwgMViGdEvJErQfGrD4rkTP23WYzx70iPBbAQ0Go0LJNbUcbPZjHw+D/KdWHpe4PiQNJ9+wrrF4cvN2zAajb5TAFpM5K6n0ykCgQD0ej1kMhkkEgm4uwZ8jcfQzLjhTN/Do9c3YAxehZq5/PEEQLryxavVCsvlEovFAvP5HLPZDKPRCG/qIfi5B9g72sXnZQ9s34o7rBSKx2fifycPk8mENy2bzYJlWYRCIXg8HjgcDtx/pUbnMInOPAW64vsmsPtmCvjBA1KpFIbDIWgmcw+/38+7b7PZwDAMrr+8hO7RW/y73h/sUsBvIyKRCD/zdGzb7TY4jgPxBZVKhTfyiu08Yr2H2Olt8cU7H7ZOK7BardBqtVCr1XRgoFQqIZfLIZVKIRaLIb12FrfiF5HoMXxnmun+xAMhQS6HSXynsv/kMD3/Bc9MubHqnCOyAAAAAElFTkSuQmCC",1998
Dell,17,"Fusce congue, diam id ornare imperdiet, sapien urna pretium nisl, ut volutpat sapien arcu sed augue. Aliquam erat volutpat. In congue. Etiam justo. Etiam pretium iaculis justo. In hac habitasse platea dictumst. Etiam faucibus cursus urna. Ut tellus. Nulla ut erat id mauris vulputate elementum. Nullam varius.",IDR,Female,,2010
Lenovo,87,"Fusce posuere felis sed lacus. Morbi sem mauris, laoreet ut, rhoncus aliquet, pulvinar sed, nisl. Nunc rhoncus dui vel sem. Sed sagittis.",USD,,"data:image/png;base64,iVBORw0KGgoAAAANSUhEUgAAABAAAAAQCAYAAAAf8/9hAAAABGdBTUEAAK/INwWK6QAAABl0RVh0U29mdHdhcmUAQWRvYmUgSW1hZ2VSZWFkeXHJZTwAAAIwSURBVDjLlZLNS5RRFMafe9/3vjPOjI1jaKKEVH40tGgRBWEibfoPQoKkVdtoEQQF4T/QqkVtWrSTFrVsF1FgJbWpIAh1k2PNh+PrfL4f95zTQk0HHKkDD/cc7vP8uHCuEhF0q/KnmXNgGR248PZFN4/GISXMC8L89DBPV0Dp4/SsazJjrtfb9/vdxfn/BgjzY5M8Aq8nBya+V3h93vtnQHFxat4kszntJAAAxus1YvnZQV5V/jyTEZarwnwFLGeFZdT0ZFOJdD84qoCDOpQ7grZfRNj020JSEOKvwvxGiF+q0tL0N5PuO+Mk0nC0B0BDsYCCImyzAIktBBloMwKJLSgKYcMAcdhC2KpVlIig+H5qxcv0n0xmj4Gbq+BwC2wtJLbgHUlMEFJwUpMIGpto16u+kJzSACAk+WCzvNbe+AVljkOYIcQQou3TbvdOJo+g4aNdqzaF+PT43HJVA8DQpcVIiPPtaqlEUQzlDELsTpgYwgTAQIjQqlUCtpQfn1spdmxh+PJSQyw9CrbKgM7tvcISQAxlBhC3GuCYXk3cWP25m3M7dk88qbWBRDVApaATOSjPBdXXwYEP5QyCgvjE/kwHgInHtHYBnYA2owhrPiiuw0sOw3EZFEagIB7qChDiYaUcNIoFtP1KxCTPhWiDw7WbXk9vKpnOgsI4exjg6Mbq96YQPxm79uPOvqvbXx4O3KrF6w8osv2df17kr5YXJq7vnw/S0v3k7Ie7xtud/wAaRnP+Cw8iKQAAAABJRU5ErkJggg==",2010
Acer,61,"Phasellus id sapien in sapien iaculis congue. Vivamus metus arcu, adipiscing molestie, hendrerit at, vulputate vitae, nisl. Aenean lectus. Pellentesque eget nunc. Donec quis orci eget orci vehicula condimentum.",CNY,Male,"data:image/png;base64,iVBORw0KGgoAAAANSUhEUgAAABAAAAAQCAYAAAAf8/9hAAAABGdBTUEAAK/INwWK6QAAABl0RVh0U29mdHdhcmUAQWRvYmUgSW1hZ2VSZWFkeXHJZTwAAAHISURBVDjLpZM/a5NRFIefxCJYSsFQsGjNEBGsVXEQFEQHxQr6BaSLX8DR2cWSSUe/haOroKUVFC24CDVoMcUUrRFikubtfe/5HYe8+VOSodC73B+Xcx6ecy835+4cZuU55JroheevtvsqcscBM8DBJeRg6mYTPF0q5vYBAE4eP4rjuMABlyMHH4JI8P3X7qiBueOeNQjcHffMJgNJjuRYOmYEs64i7khZYy9rPyQ1jQLc1C10kISLrEH9xh4wxjGAKJA5yoq6xb0sNhpLJGmTc9MvUfTRZ1QUJsfMMVO2ZzlCEgNzM/N82LlPGpMxBhHM1J+/0niAlBIUCTFyqnCW+dmrNJM2nzt3uflsb2rl8d/WAGCG2UR26xAVuLPwEHNhMoRTa2xxce46rdDhU/Vt49JyvjBk0FX2zCCJAXPxo14hVSQqJbWUf3tNLp++QSvdzb/fXK0PGTimwbMlMSFa5MR0kSjDXGw3qhSmZlnfWmPt2+pOiCzmep/p0YuKmwY3Xz92jyQEggJJDJyZOc+10iIfq+9YqazTTv8s1Mr+JXfQ33hhOd++Urw1+ebr659B3K6VfQPgwIDSk1zbdGSyIyv9Lvtm7/w/ZAmOh9Ycu/MAAAAASUVORK5CYII=",1999
Samsung,23,Maecenas ut massa quis augue luctus tincidunt. Nulla mollis molestie lorem.,DOP,Female,"data:image/png;base64,iVBORw0KGgoAAAANSUhEUgAAABAAAAAQCAYAAAAf8/9hAAAABGdBTUEAAK/INwWK6QAAABl0RVh0U29mdHdhcmUAQWRvYmUgSW1hZ2VSZWFkeXHJZTwAAAHySURBVDjLpVNBaxpBGH2z7rrb6poNG0lSi0VyiA1I6a2XUtBLyD/oyV/gvSD03Gv/Q7El5NZDhBDx1lPpQUyRbg9SoUYTsEs21XVdM9/QWdZePGTgY2beft/33pudYcvlEvcZCu45VLno9Xrni8WizANBEGA+n0fh+34Us9mM5la1Wq1QHSMLvPhVMplsZ7NZkfT/iNvUNA3tdhv9fr9Sq9VaQgFnfGtZFobDIXRdj4rihbQeDAbIZDIoFApEWudwi3U6HcFu2zZc112RS1aokDGGRCIh2E3TRCqVQrPZhOM4FZXYSTp5pSTDMERI9rgSmsMwxHQ6RalUQrfbravE5HkexuOxOCCZRIdJs9xLjPaqqiKdTguV1KBM3WlDCdySkKwoyooC2Sifz4u8XC5HNWWFWMkrBX2QITGJP//2CdbVT1gTB896H6JfrFIDWUQMxWIxkkysEn/y6wJP/3yFzTYxe5TGFceiBvQHpL+4XHl45uf3SO15sPU9oMxg9D0cOCdCHWs0Gqfcy2HslkUzxaF9jH3NwcbONnR3Eziii8Mb/7jF98nDS7buMf1+wRraG7w2sQP92gJecnCDx5jf2Hc3H9c/Jh+j5Rnwd3fELYXA5T/8SwC4GK1X8Jg94E9uAhNJxVeC7ewWYHDkhrcOYd0B0mCFUhT4PX8AAAAASUVORK5CYII=",1995
Toshiba,17,In hac habitasse platea dictumst. Etiam faucibus cursus urna. Ut tellus. Nulla ut erat id mauris vulputate elementum. Nullam varius. Nulla facilisi. Cras non velit nec nisi vulputate nonummy. Maecenas tincidunt lacus at velit. Vivamus vel nulla eget eros elementum pellentesque.,IDR,Female,,1999
Toshiba,74,"Morbi non lectus. Aliquam sit amet diam in magna bibendum imperdiet. Nullam orci pede, venenatis non, sodales sed, tincidunt eu, felis.",PAB,Male,"data:image/png;base64,iVBORw0KGgoAAAANSUhEUgAAABAAAAAQCAYAAAAf8/9hAAAABGdBTUEAAK/INwWK6QAAABl0RVh0U29mdHdhcmUAQWRvYmUgSW1hZ2VSZWFkeXHJZTwAAAJwSURBVDjLjZPdT1JhHMetvyO3/gfLKy+68bLV2qIAq7UyG6IrdRPL5hs2U5FR0MJIAqZlh7BVViI1kkyyiPkCyUtztQYTYbwJE8W+Pc8pjofK1dk+OxfP+X3O83srAVBCIc8eQhmh/B/sJezm4niCsvX19cTm5uZWPp/H3yDnUKvVKr6ELyinwWtra8hkMhzJZBLxeBwrKyusJBwOQ6PRcJJC8K4DJ/dXM04DOswNqNOLybsRo9N6LCy7kUgkEIlEWEE2mwX9iVar/Smhglqd8IREKwya3qhg809gPLgI/XsrOp/IcXVMhqnFSayurv6RElsT6ZCoov5u1fzUVwvcKRdefVuEKRCA3OFHv2MOxtlBdFuaMf/ZhWg0yt4kFAoVCZS3Hd1gkpOwRt9h0LOES3YvamzPcdF7A6rlPrSbpbhP0kmlUmw9YrHYtoDku2T6pEZ/2ICXEQ8kTz+g2TkNceAKKv2nIHachn6qBx1MI5t/Op1mRXzBd31AiRafBp1vZyEcceGCzQ6p24yjEzocGT6LUacS0iExcrkcK6Fsp6AXLRnmFOjyPMIZixPHmAAOGxZQec2OQyo7zpm6cNN6GZ2kK1RAofPAr8GA4oUMrdNNkIw/wPFhDwSjX3Dwlg0CQy96HreiTlcFZsaAjY0NNvh3QUXtHeHcoKMNA7NjqLd8xHmzDzXDRvRO1KHtngTyhzL4SHeooAAnKMxBtUYQbGWa0Dc+AsWzSVy3qkjeItLCFsz4XoNMaRFFAm4SyTXbmQa2YHQSGacR/pAXO+zGFif4JdlHCpShBzstEz+YfJtmt5cnKKWS/1jnAnT1S38AGTynUFUTzJcAAAAASUVORK5CYII=",2006
Dell,95,"Pellentesque ultrices mattis odio. Donec vitae nisi. Nam ultrices, libero non mattis pulvinar, nulla pede ullamcorper augue, a suscipit nulla elit ac nulla. Sed vel enim sit amet nunc viverra dapibus. Nulla suscipit ligula in lacus.",CNY,Male,,1997
Dell,95,"Praesent lectus. Vestibulum quam sapien, varius ut, blandit non, interdum in, ante. Vestibulum ante ipsum primis in faucibus orci luctus et ultrices posuere cubilia Curae; Duis faucibus accumsan odio. Curabitur convallis. Duis consequat dui nec nisi volutpat eleifend.",IDR,,"data:image/png;base64,iVBORw0KGgoAAAANSUhEUgAAABAAAAAQCAYAAAAf8/9hAAAABGdBTUEAAK/INwWK6QAAABl0RVh0U29mdHdhcmUAQWRvYmUgSW1hZ2VSZWFkeXHJZTwAAALZSURBVDjLfZJrSJNRHMb90Jfoe+GnPkVBF5GKJIKS0gqFbnTX0swaSkqWTdJIBXXqygtMFPRDC29lmuYlp6mgeTfzthTHnHObuoub0/fitvd9Ou+KpWYdePif97z/5/d/OBwvAF7rRWk/hlCq8gZqqkS7PJLH2AZSWWvXM4ul/dHIUqc4eXO/Z0Nrarxp9YcmVtcEp7kHrpUf4JhZ8KwWLtsk2JlGWFqisVBzTW1uEx/YAKBm63asTsv7HaZOcGtaIg0xT4Cjh+Fa7SPqIWdK8A4T7P250MlPWxbbEnZ5AKvKwkx2rp406MGx06TqwLtsAL/mFu+yEtgonMv1AGeB8VM0dJU3Gj2A5SGJzmkdJb3TZNIMeKeZmJbcRrecJvJPQwCfiSrA6gegyvdjPIClr4lrHD0DF9ULFz1E4itJ7DG47MPE0E/uoAtOuwKssQCMPg7cqhaTmb68B2Bui51bW+wj08fBzCWRCemw1obB2iCCtT4C5rJgMLpUUKqbcJiywGgHMJV9+E8Cc0eCxNqbTeKawcyKYSzyAT0bT/QUlFpE6hMY0rdjZSIQPK+C/l0s1EXB7R6ArTt522KDaHJlvJRcoAqmN35uM62LAqUNBa2Jw0LeTnBUB5a/VUGZvJfVVcfu2fAOTF8SfOarQkwrY2WwVUf+ApDJgpnWPEZN8WXEF9zGg9cXEJLmz5xPOJS0ASDI2Bx/RF0ePm8oCQTTFgTOcBac3h+1lZeQ8j4c9eMyfDcokNMShes5B3Es2lvqtflptpenBclSIhxvZc9RmHUc0pdHcSc9ALVjuahV5kNY0tZI5LQ+FADMXwBBL8Qirby0DHJ5BQqLShCc6IvG8WKsX3WjMgGALQHimLvdLa2tMBpNGBwcwomY3chW3EOGIsxtzmgO+3+ClnJJ6NWL56iAgDO8v/9J/tSt/c4r0n14pbjvnixU4XvLO/iXSLOEyC7E/l0lwvlPxOcI8qKVSZYAAAAASUVORK5CYII=",2006
Acer,35,"Aenean fermentum. Donec ut mauris eget massa tempor convallis. Nulla neque libero, convallis eget, eleifend luctus, ultricies eu, nibh. Quisque id justo sit amet sapien dignissim vestibulum. Vestibulum ante ipsum primis in faucibus orci luctus et ultrices posuere cubilia Curae; Nulla dapibus dolor vel est. Donec odio justo, sollicitudin ut, suscipit a, feugiat et, eros. Vestibulum ac est lacinia nisi venenatis tristique. Fusce congue, diam id ornare imperdiet, sapien urna pretium nisl, ut volutpat sapien arcu sed augue.",ZAR,Female,,2009
Samsung,77,"Nunc purus. Phasellus in felis. Donec semper sapien a libero. Nam dui. Proin leo odio, porttitor id, consequat in, consequat ut, nulla. Sed accumsan felis. Ut at dolor quis odio consequat varius.",CAD,Female,"data:image/png;base64,iVBORw0KGgoAAAANSUhEUgAAABAAAAAQCAYAAAAf8/9hAAAABGdBTUEAAK/INwWK6QAAABl0RVh0U29mdHdhcmUAQWRvYmUgSW1hZ2VSZWFkeXHJZTwAAAKLSURBVBgZBcFJaFxlAADg7/3zZkjbYBfTZIg1SNVCFjW2hgbUQwWXHkQDHkUPgkcdiuBFiEVvXoJ4kHiqiHhQLAUXqCjGiNGaSG1Ra9pqp5JI4tY0y5u3+n1R5xm7GgMmxVoAAgIAAgAgx5KptO143Bgw6fYjLX2HqNUJMVFEiIgCISJEqBEhQlWwdKbV+PiUWKyl7xCdGs0xalj5ib8WCIFaQKCGKFBVdPfQe5DeU60Y1OqELu6eAEyQbbB4mosfUawjoqoQ8e+fdN1ISVAiitlc5tyHXJ5lY5X6DoYe5+jr9I8DIrKMJCNPSYkFhIjNZc6/Q4iIAz2jjD7JzgEOP8/CNBdP08lJO2QFCUFAQHOMJ97mgVe47THWLvP5i7RngIPP0jdKp0OSk+WkxEqoEaG+g72D7B1kaILZV5l/k7J0bO5l68maN6oBjWSLrCAhCIjwz1k+eY75aTZWqW/nvpfovomZKUnWsa9n0FPlBWknIytJiQWEQBXYWqH9Bcvfaa39qqpyaZlJ80z/ngMGm4ddTzY8ujXnZGfEtpRYCRG1ivEXqHfT/lL+33kPDj+tqEpFWShVlq5ddce+e62nW460T/isIAahYu8I/WNAlUvOTSuq0pW/F2VlLi8zWZFZ61w3evP91rNNY3fOioGIrRWyTerbWb0kyRN5keu7YUBeFoqqtHytbU9308LVr/382/fe/4FYiipHwafHqO+kfdZWmTjxzWvSMpXkqf09w8b3P+TMlVk/Ls54d/cjDiQnxf4wZenblt4xulBk3HKXD7IRsoK0ICvc8/tborDNL5fmvLf7qFvbbRqmos7DdjWaJjW1lMiRIEWKBDnDQ6yr+Wq+MFCgYSpZcvx/t+Akg61CC8wAAAAASUVORK5CYII=",1999
Toshiba,42,Etiam pretium iaculis justo. In hac habitasse platea dictumst. Etiam faucibus cursus urna. Ut tellus. Nulla ut erat id mauris vulputate elementum. Nullam varius. Nulla facilisi. Cras non velit nec nisi vulputate nonummy. Maecenas tincidunt lacus at velit. Vivamus vel nulla eget eros elementum pellentesque.,CNY,Female,"data:image/png;base64,iVBORw0KGgoAAAANSUhEUgAAABAAAAAQCAYAAAAf8/9hAAAABGdBTUEAAK/INwWK6QAAABl0RVh0U29mdHdhcmUAQWRvYmUgSW1hZ2VSZWFkeXHJZTwAAAGrSURBVDjLvZPZLkNhFIV75zjvYm7VGFNCqoZUJ+roKUUpjRuqp61Wq0NKDMelGGqOxBSUIBKXWtWGZxAvobr8lWjChRgSF//dv9be+9trCwAI/vIE/26gXmviW5bqnb8yUK028qZjPfoPWEj4Ku5HBspgAz941IXZeze8N1bottSo8BTZviVWrEh546EO03EXpuJOdG63otJbjBKHkEp/Ml6yNYYzpuezWL4s5VMtT8acCMQcb5XL3eJE8VgBlR7BeMGW9Z4yT9y1CeyucuhdTGDxfftaBO7G4L+zg91UocxVmCiy51NpiP3n2treUPujL8xhOjYOzZYsQWANyRYlU4Y9Br6oHd5bDh0bCpSOixJiWx71YY09J5pM/WEbzFcDmHvwwBu2wnikg+lEj4mwBe5bC5h1OUqcwpdC60dxegRmR06TyjCF9G9z+qM2uCJmuMJmaNZaUrCSIi6X+jJIBBYtW5Cge7cd7sgoHDfDaAvKQGAlRZYc6ltJlMxX03UzlaRlBdQrzSCwksLRbOpHUSb7pcsnxCCwngvM2Rm/ugUCi84fycr4l2t8Bb6iqTxSCgNIAAAAAElFTkSuQmCC",1973
Acer,49,"Vivamus in felis eu sapien cursus vestibulum. Proin eu mi. Nulla ac enim. In tempor, turpis nec euismod scelerisque, quam turpis adipiscing lorem, vitae mattis nibh ligula nec sem. Duis aliquam convallis nunc. Proin at turpis a pede posuere nonummy. Integer non velit.",PLN,Female,,1998
Samsung,89,,IDR,Male,,1999
Dell,83,"In est risus, auctor sed, tristique in, tempus sit amet, sem. Fusce consequat. Nulla nisl. Nunc nisl. Duis bibendum, felis sed interdum venenatis, turpis enim blandit mi, in porttitor pede justo eu massa. Donec dapibus. Duis at velit eu est congue elementum.",PHP,Male,,2005
Samsung,46,"Proin leo odio, porttitor id, consequat in, consequat ut, nulla. Sed accumsan felis. Ut at dolor quis odio consequat varius. Integer ac leo.",PHP,Male,"data:image/png;base64,iVBORw0KGgoAAAANSUhEUgAAABAAAAAQCAYAAAAf8/9hAAAABGdBTUEAAK/INwWK6QAAABl0RVh0U29mdHdhcmUAQWRvYmUgSW1hZ2VSZWFkeXHJZTwAAALkSURBVDjLlZJrSJNRHMaFvtWXvvShT6ltb6Qz1EorZDZv5ZwNJ4UQQYJLnfZhmTJDtthUUpi2UcyELKI0l3My57zkEE2kmszyOi8jLyi75GVaXpr59L4vNBgV0oEH/ud/nud3zuGcAAAB/6OpVsI4pmN63z8O1lPz/QMG4ojNQISQwcM2A1Mxa4yEuy0B7Yog774AezvxhAzOT+gJD7nrz3nTWQxUB+0NKFnQlQS2/hNABpnTJmLLOXQb265u7Dg7sTYohquVg9GacBhkgbLf3r+F02d7zsM9XokfLhM81mtYeRcHpz4UjpZoODriYZIH2v4AkMGjpN4uWTKwMduI7YUX8Fi4WO3n4Kv5Atwdp+EynoKrOxmDVQyvDzBtJJhkcIm86557RArvmgXf7aVwD1yC08zGYls0ZurDsNDEgrOFPEXnZfSUBe/4ABM6Zrd7+Cp2HE+xOSfBpi0TWyMCuHo5mNZGYPxZKD5rCMw2nKCvsWRKQsu9wHkfYPg5Y3Hdnot1uxwfX7LwSRuCscYozJBydkTBomLA+vA4FuoZcHclYq4pBo13jzX5AB8eBddOGWOwMlmC0WY+9NJz0NxPR0WZFHV1dahQFKC7MgLDNQQqSwvpXnmZYkMkEhWy2exDNKWvKmhgqCESy5MSFN9kQ6VSweFwwG63o7e3F9UPCqFWCDFpG6N7/f39tIfH41X6XqGrPGiyVhoBSZEY1pERlEmzkMpLgVAohFqtRnFxMV3zUrjIyMgwUZCCgoI1vz+QeSV0qlQuowFvilhIjI+F2WyG1WpFX18fdDod4jnsPT6ff5ACyOXyLT9AWFhYbk72rQ0KcEeYjIQEDpKSkpCWlkaLquPiLu4JBIJOCpCdnb3qBzhJjtTU1AmlUrmqff1qs7m5GRqNBmKxGBKJhK6pnlarXaY8lNcPQBDEgdjY2HAul/slKyvrW15e3lZ+nmhXduOMR36d5ckX5eySvW1qjfJQ3l9oR6i5wBWqZAAAAABJRU5ErkJggg==",2010
Toshiba,25,"Sed ante. Vivamus tortor. Duis mattis egestas metus. Aenean fermentum. Donec ut mauris eget massa tempor convallis. Nulla neque libero, convallis eget, eleifend luctus, ultricies eu, nibh. Quisque id justo sit amet sapien dignissim vestibulum. Vestibulum ante ipsum primis in faucibus orci luctus et ultrices posuere cubilia Curae; Nulla dapibus dolor vel est. Donec odio justo, sollicitudin ut, suscipit a, feugiat et, eros. Vestibulum ac est lacinia nisi venenatis tristique.",ZWL,Male,,2006
HP,20,"Quisque ut erat. Curabitur gravida nisi at nibh. In hac habitasse platea dictumst. Aliquam augue quam, sollicitudin vitae, consectetuer eget, rutrum at, lorem. Integer tincidunt ante vel ipsum. Praesent blandit lacinia erat. Vestibulum sed magna at nunc commodo placerat. Praesent blandit. Nam nulla. Integer pede justo, lacinia eget, tincidunt eget, tempus vel, pede.",UAH,Female,"data:image/png;base64,iVBORw0KGgoAAAANSUhEUgAAABAAAAAQCAYAAAAf8/9hAAAABGdBTUEAAK/INwWK6QAAABl0RVh0U29mdHdhcmUAQWRvYmUgSW1hZ2VSZWFkeXHJZTwAAAGOSURBVDjLlZPNapNBFIafSdOvtbFgSi1dREEtguDSnTfStbgW9A6y9BICinfkRosRFw1mE5BoS4rNzPlzEfOrYjJwOGfzPvO+h5kUEWx6zt6+eO1ur8x0VN9E+Ondyy/udlLdPua8d8ZBrdIZoN1uh7szLTOb9WePgxpOdXjMzXsnuDlx/gGRzAxgZrRaLQBSSks94iPNJ0+BRL4aYpKJcER0GbAqns5mhptRRgNMC1Aj3P50sChanFULboJpwbUAiXCnlPEcoKr/BJgWQhWXMnEQE4DKmNrfHKyW/L7ZJBNyzVGzR4RSSp4DFh2sOhEpmCpWMo0bPzi4NWR76xqR/0SYA8a4ZkwyF9+3cD0kl8HyEqeA1fwpJUrJuAouGRNhmOvgjkhZD6AynuxABdNMSnXcHdU1AUXyRCwZl0JKTsQGAJFJhL3mHVwFzT8hBpgpqdPpRLfbpd/vL73/xX56v0djf5+d3QbV7h7b1Q6jqwu+fn7/La3znd88v3tkpg/M5JGZPnS3Vq1enZrky19GcE/tIr8QhwAAAABJRU5ErkJggg==",1997
Lenovo,5,"Vestibulum quam sapien, varius ut, blandit non, interdum in, ante. Vestibulum ante ipsum primis in faucibus orci luctus et ultrices posuere cubilia Curae; Duis faucibus accumsan odio. Curabitur convallis. Duis consequat dui nec nisi volutpat eleifend. Donec ut dolor. Morbi vel lectus in quam fringilla rhoncus. Mauris enim leo, rhoncus sed, vestibulum sit amet, cursus id, turpis. Integer aliquet, massa id lobortis convallis, tortor risus dapibus augue, vel accumsan tellus nisi eu orci. Mauris lacinia sapien quis libero.",UAH,Female,"data:image/png;base64,iVBORw0KGgoAAAANSUhEUgAAABAAAAAQCAYAAAAf8/9hAAAABGdBTUEAAK/INwWK6QAAABl0RVh0U29mdHdhcmUAQWRvYmUgSW1hZ2VSZWFkeXHJZTwAAAL5SURBVDjLjZNbSJNhGMd3KdRlN90E1Z0URVfShYKKic7ChFRKyHRNp3lAgq1ppeam5nFuno+JJ8ylzNMSRec3LdFNm7rKPuemznm2nMfl/n3fBw6tiC5+Lw8Pz//H8148LH1VvBNFDIWCgqSwUhxNlETiQ94D9IluHymEbtbGuGtk5eOLClnIuZjcwLNOAFg0LGqYmOsSwzwkw4q2Amu6GqxOVMMyUoZFVSFM73NBtokxWSsAkRcKOd8VlIBwCKZrn00cC5bHyijKsTRcgoUBGea6c0C2ZkDfkAxtWQJUWSGMIC/k/IRDoP5kdB5T9+NbVymm6pMwIgtDn/gOqLVBrY0q7mUUh11AadQVNKQGoFSaDmldl7NDQD99M4fdY/MHWNu2Ye/Qjn2bHes7PzFl3sOocReGtQOQqwdo16xC2mnoPg47BDTK6d13yukd+xw1bN0/gnnLBv3SPmapoPrrDxQpTfaCDoP8ZPiUgKZV+92lTbtFfiS3Ydo4ZMKd4+soVBpnJB2zLr+H/xAcUz+0MqgxWjFq2Ias26j628w/BY1Dy8Pj81aMUQJJ++zgfwvq1cs3mwmT6U1zO7KyslFZWYnUtAwkl/ctCKUK38TERJLupaWlbfB4vKeurq5nHOHaQUtrE7Foz5WWIj8/HxaLBSRJYmBgAOmvc5H4Kg/6z1+O6B5BEMwMm83OZMLVqiVlj24d8s5eCIVCaHQ6iMXp8PPzA4fDgUQigUAgYGpfNtseFBTUSUsSEhK2WA09Oue6QTP6pzchysyBSCRiBDu7e7jl7Y3e3l5oNBqoVCq0tLTA3dMLvCTZDVqQkpKyx9zCpLIYxLAa6ZIKxMbGMQK+8Dk8PDzh5eUFf39/Brr2cHfHwwD3TVrA5XI3Tx3TiCIDnNBgFOTnQP62CXK5HEVFRYiPjwefz2dqutdUV2PLzs7epL6oZ508Z21xBNny8t5u8F1fcDmP8CQqEtEUSfev7r8IvGSO5kXYoqJ4h+Hh4VYfHx+Dm5vb9V9HN9N1j9T0nAAAAABJRU5ErkJggg==",1999
HP,73,"Curabitur in libero ut massa volutpat convallis. Morbi odio odio, elementum eu, interdum eu, tincidunt in, leo. Maecenas pulvinar lobortis est. Phasellus sit amet erat. Nulla tempus. Vivamus in felis eu sapien cursus vestibulum.",YER,Male,"data:image/png;base64,iVBORw0KGgoAAAANSUhEUgAAABAAAAAQCAYAAAAf8/9hAAAABGdBTUEAAK/INwWK6QAAABl0RVh0U29mdHdhcmUAQWRvYmUgSW1hZ2VSZWFkeXHJZTwAAAHMSURBVDjL3VK9S0JxFBWChvoHinap4UG6RIsihYMfiTboUFGhPVIbxAJFG5TEKM1U1CWENjEUigiyHBRnicrCwaIlXPqggldRnd6VkNqMti4cfvede875Xd57AgCCv0DwjwIkEkmn2Wxe8Pl8t8lkEm63+8pqtQ7w6OL7GnE0Iw1pfwSIxeJ2lUq1Eg6HUa/XUavVUCgU4PF4LlwuV7FarT4TVyqVQBrSkqcZIBKJRux2+32lUrk1GAx7SqXyzWQyIRKJwOl0gnriaJZKpa5IS57vG6x4vV4uGo2yGo2mQyqVPubzeZTLZRSLRWQyGRBHM9KQljzNAIZhZlmWvYvH4/M6nW5fJpO9yuVyaLXaBqgnjmakIS15mgF9fKnV6vNgMHiXTqdvstksEokEbDYbHA5How9t+mCLjX3MrGlg8Mreh+eYcDNAKBS28Sv2KxSKS6PR+GSxWDgeL3q9foLH0OzixItnawq7pzEcXecQOjBDH2IwYOkOtPStx/3D3PbJOrbPIqAKHJoQOmQpgGspQOUSYe90A99r5zhGAa39bYPWHm41Nw1/brJh9u9P/m4DXrg0GuhFMGds3EwnPbf8Dr5Clnk80Npf5zLxn1E7ljyteCJyAAAAAElFTkSuQmCC",1999
Acer,46,,EUR,Male,"data:image/png;base64,iVBORw0KGgoAAAANSUhEUgAAABAAAAAQCAYAAAAf8/9hAAAABGdBTUEAAK/INwWK6QAAABl0RVh0U29mdHdhcmUAQWRvYmUgSW1hZ2VSZWFkeXHJZTwAAAI4SURBVDjLhVPNaxNREJ8k2yxuDMGEkGi0QltREC9+HQQPKl5EkBz8D7xI/QDxIh4KpeA5lII3IbeAF6UKHjU5SS2op1JKTFiN5GOD6WY/s/t8M5u3bkvBWWZneJn3m99vdhJrNBqrjLEH3MH3fRBRuOd55NN8qVwuL0PU6vX6N13X2f+s3++zWq1WxwZRlxAZbf37CBiP/IzcxwL4l1+bZcRkvxGAG2DAscxMAIAPRaBXS3NIguu6VNdefHoPDPP97Ku1X1KAynXzwuGuBdudMSiHkmHnoxmJxwRdnEwm0L7/5HkK3BV9bGzwo0uBhKmeTEqGCwvyHimYDwcBgxPq7yKMjTe2Y68cjnsXf1y/s0gMEjEAj1e2h+4e/X5kHv6Xr3C+rS7ounHbNa3HcpJVYGw+JADsfuuMHGok6VNWaMmkDNrnFEx2deAMXpz88DrWvHyzApZ1WkJdwhzHgW63C5qmEeVsNgv5fJ4D8JkguGEBGxtBsWECs20gAPEp8bKqquFC8f2gPJ1Og692QHIdYIb1rHn2yqO0IsHoj70VFwywcDAYUCyVSuQI0uv1KMZuXIVP2SM7YJrrM75XYY4NYNmr8agE0VloF/MRM9mcP95hln1XTjAY/RxuzPW21iQcnJCAmpF2q9UKgfBMAGCzuebm0k7uVAecyVvaxCgDHBh25XtPF3K5HBSLxRBAfKX5wfbLcJXxEH9UFIW8UCjAQYY1B/4XOIOP1Wr1HDLBgmgUecTf7Qf4C2kj+HVimC2aAAAAAElFTkSuQmCC",1993
Acer,90,"Duis consequat dui nec nisi volutpat eleifend. Donec ut dolor. Morbi vel lectus in quam fringilla rhoncus. Mauris enim leo, rhoncus sed, vestibulum sit amet, cursus id, turpis. Integer aliquet, massa id lobortis convallis, tortor risus dapibus augue, vel accumsan tellus nisi eu orci. Mauris lacinia sapien quis libero. Nullam sit amet turpis elementum ligula vehicula consequat. Morbi a ipsum. Integer a nibh. In quis justo.",ZAR,Male,,2011